2026-04-23T06:59:20-06:00 | SMART MONEY - GOOD MONEY Market Runtime | snapshotter started
2026-04-23T06:59:48-06:00 | SMART MONEY - GOOD MONEY Market Runtime | PEPPERSTONE:XAUUSD snapshot failed: RuntimeError: Chart did not become ready for PEPPERSTONE:XAUUSD D. Last status: {'success': True, 'cdp_connected': True, 'target_id': '06BD6C2BA3C2645E5190172083FCD245', 'target_url': 'https://www.tradingview.com/chart/AJ52AoVB/', 'target_title': 'Live stock, index, futures, Forex and Bitcoin charts on TradingView', 'chart_symbol': 'PEPPERSTONE:XAUUSD', 'chart_resolution': '1D', 'chart_type': 1, 'api_available': True}
2026-04-23T07:00:19-06:00 | SMART MONEY - GOOD MONEY Market Runtime | FOREXCOM:US30 snapshot failed: RuntimeError: Chart did not become ready for FOREXCOM:US30 D. Last status: {'success': True, 'cdp_connected': True, 'target_id': '06BD6C2BA3C2645E5190172083FCD245', 'target_url': 'https://www.tradingview.com/chart/AJ52AoVB/', 'target_title': 'Live stock, index, futures, Forex and Bitcoin charts on TradingView', 'chart_symbol': 'FOREXCOM:US30', 'chart_resolution': '1D', 'chart_type': 1, 'api_available': True}
2026-04-23T07:01:13-06:00 | SMART MONEY - GOOD MONEY Market Runtime | snapshotter started
2026-04-23T07:01:31-06:00 | SMART MONEY - GOOD MONEY Market Runtime | PEPPERSTONE:XAUUSD snapshot captured (dry-run)
2026-04-23T07:02:10-06:00 | SMART MONEY - GOOD MONEY Market Runtime | FOREXCOM:US30 snapshot captured (dry-run)
2026-04-23T07:04:08-06:00 | SMART MONEY - GOOD MONEY Market Runtime | PEPPERSTONE:XAUUSD snapshot captured (live)
2026-04-23T07:04:48-06:00 | SMART MONEY - GOOD MONEY Market Runtime | FOREXCOM:US30 snapshot captured (live)
2026-04-23T07:05:43-06:00 | SMART MONEY - GOOD MONEY Market Runtime | PEPPERSTONE:XAUUSD snapshot captured (live)
2026-04-23T07:10:43-06:00 | SMART MONEY - GOOD MONEY Market Runtime | removed stale TradingView lock
2026-04-23T07:11:22-06:00 | SMART MONEY - GOOD MONEY Market Runtime | PEPPERSTONE:XAUUSD snapshot captured (live)
2026-04-23T07:11:41-06:00 | SMART MONEY - GOOD MONEY Market Runtime | FOREXCOM:US30 snapshot captured (live)
2026-04-23T07:12:30-06:00 | SMART MONEY - GOOD MONEY Market Runtime | PEPPERSTONE:XAUUSD snapshot captured (live)
2026-04-23T07:12:46-06:00 | SMART MONEY - GOOD MONEY Market Runtime | FOREXCOM:US30 snapshot captured (live)
2026-04-23T07:13:34-06:00 | SMART MONEY - GOOD MONEY Market Runtime | PEPPERSTONE:XAUUSD snapshot captured (live)
2026-04-23T07:13:51-06:00 | SMART MONEY - GOOD MONEY Market Runtime | FOREXCOM:US30 snapshot captured (live)
2026-04-23T07:14:37-06:00 | SMART MONEY - GOOD MONEY Market Runtime | PEPPERSTONE:XAUUSD snapshot captured (live)
2026-04-23T07:14:52-06:00 | SMART MONEY - GOOD MONEY Market Runtime | FOREXCOM:US30 snapshot captured (live)
2026-04-23T07:15:38-06:00 | SMART MONEY - GOOD MONEY Market Runtime | PEPPERSTONE:XAUUSD snapshot captured (live)
2026-04-23T07:15:53-06:00 | SMART MONEY - GOOD MONEY Market Runtime | FOREXCOM:US30 snapshot captured (live)
2026-04-23T07:16:40-06:00 | SMART MONEY - GOOD MONEY Market Runtime | PEPPERSTONE:XAUUSD snapshot captured (live)
2026-04-23T07:16:55-06:00 | SMART MONEY - GOOD MONEY Market Runtime | FOREXCOM:US30 snapshot captured (live)
2026-04-23T07:17:42-06:00 | SMART MONEY - GOOD MONEY Market Runtime | PEPPERSTONE:XAUUSD snapshot captured (live)
2026-04-23T07:17:56-06:00 | SMART MONEY - GOOD MONEY Market Runtime | FOREXCOM:US30 snapshot captured (live)
2026-04-23T07:18:42-06:00 | SMART MONEY - GOOD MONEY Market Runtime | PEPPERSTONE:XAUUSD snapshot captured (live)
2026-04-23T07:18:56-06:00 | SMART MONEY - GOOD MONEY Market Runtime | FOREXCOM:US30 snapshot captured (live)
2026-04-23T07:19:43-06:00 | SMART MONEY - GOOD MONEY Market Runtime | PEPPERSTONE:XAUUSD snapshot captured (live)
2026-04-23T07:19:57-06:00 | SMART MONEY - GOOD MONEY Market Runtime | FOREXCOM:US30 snapshot captured (live)
2026-04-23T07:20:44-06:00 | SMART MONEY - GOOD MONEY Market Runtime | PEPPERSTONE:XAUUSD snapshot captured (live)
2026-04-23T07:20:59-06:00 | SMART MONEY - GOOD MONEY Market Runtime | FOREXCOM:US30 snapshot captured (live)
2026-04-23T07:21:46-06:00 | SMART MONEY - GOOD MONEY Market Runtime | PEPPERSTONE:XAUUSD snapshot captured (live)
2026-04-23T07:22:02-06:00 | SMART MONEY - GOOD MONEY Market Runtime | FOREXCOM:US30 snapshot captured (live)
2026-04-23T07:22:48-06:00 | SMART MONEY - GOOD MONEY Market Runtime | PEPPERSTONE:XAUUSD snapshot captured (live)
2026-04-23T07:23:02-06:00 | SMART MONEY - GOOD MONEY Market Runtime | FOREXCOM:US30 snapshot captured (live)
2026-04-23T07:23:48-06:00 | SMART MONEY - GOOD MONEY Market Runtime | PEPPERSTONE:XAUUSD snapshot captured (live)
2026-04-23T07:24:03-06:00 | SMART MONEY - GOOD MONEY Market Runtime | FOREXCOM:US30 snapshot captured (live)
2026-04-23T07:24:50-06:00 | SMART MONEY - GOOD MONEY Market Runtime | PEPPERSTONE:XAUUSD snapshot captured (live)
2026-04-23T07:25:04-06:00 | SMART MONEY - GOOD MONEY Market Runtime | FOREXCOM:US30 snapshot captured (live)
2026-04-23T07:25:50-06:00 | SMART MONEY - GOOD MONEY Market Runtime | PEPPERSTONE:XAUUSD snapshot captured (live)
2026-04-23T07:26:05-06:00 | SMART MONEY - GOOD MONEY Market Runtime | FOREXCOM:US30 snapshot captured (live)
2026-04-23T07:26:52-06:00 | SMART MONEY - GOOD MONEY Market Runtime | PEPPERSTONE:XAUUSD snapshot captured (live)
2026-04-23T07:27:08-06:00 | SMART MONEY - GOOD MONEY Market Runtime | FOREXCOM:US30 snapshot captured (live)
2026-04-23T07:27:54-06:00 | SMART MONEY - GOOD MONEY Market Runtime | PEPPERSTONE:XAUUSD snapshot captured (live)
2026-04-23T07:28:09-06:00 | SMART MONEY - GOOD MONEY Market Runtime | FOREXCOM:US30 snapshot captured (live)
2026-04-23T07:28:55-06:00 | SMART MONEY - GOOD MONEY Market Runtime | PEPPERSTONE:XAUUSD snapshot captured (live)
2026-04-23T07:29:09-06:00 | SMART MONEY - GOOD MONEY Market Runtime | FOREXCOM:US30 snapshot captured (live)
2026-04-23T07:29:55-06:00 | SMART MONEY - GOOD MONEY Market Runtime | PEPPERSTONE:XAUUSD snapshot captured (live)
2026-04-23T07:30:10-06:00 | SMART MONEY - GOOD MONEY Market Runtime | FOREXCOM:US30 snapshot captured (live)
2026-04-23T07:30:56-06:00 | SMART MONEY - GOOD MONEY Market Runtime | PEPPERSTONE:XAUUSD snapshot captured (live)
2026-04-23T07:31:11-06:00 | SMART MONEY - GOOD MONEY Market Runtime | FOREXCOM:US30 snapshot captured (live)
2026-04-23T07:31:58-06:00 | SMART MONEY - GOOD MONEY Market Runtime | PEPPERSTONE:XAUUSD snapshot captured (live)
2026-04-23T07:32:14-06:00 | SMART MONEY - GOOD MONEY Market Runtime | FOREXCOM:US30 snapshot captured (live)
2026-04-23T07:33:00-06:00 | SMART MONEY - GOOD MONEY Market Runtime | PEPPERSTONE:XAUUSD snapshot captured (live)
2026-04-23T07:33:15-06:00 | SMART MONEY - GOOD MONEY Market Runtime | FOREXCOM:US30 snapshot captured (live)
2026-04-23T07:34:00-06:00 | SMART MONEY - GOOD MONEY Market Runtime | PEPPERSTONE:XAUUSD snapshot captured (live)
2026-04-23T07:34:15-06:00 | SMART MONEY - GOOD MONEY Market Runtime | FOREXCOM:US30 snapshot captured (live)
2026-04-23T07:35:01-06:00 | SMART MONEY - GOOD MONEY Market Runtime | PEPPERSTONE:XAUUSD snapshot captured (live)
2026-04-23T07:35:15-06:00 | SMART MONEY - GOOD MONEY Market Runtime | FOREXCOM:US30 snapshot captured (live)
2026-04-23T07:36:01-06:00 | SMART MONEY - GOOD MONEY Market Runtime | PEPPERSTONE:XAUUSD snapshot captured (live)
2026-04-23T07:36:16-06:00 | SMART MONEY - GOOD MONEY Market Runtime | FOREXCOM:US30 snapshot captured (live)
2026-04-23T07:37:03-06:00 | SMART MONEY - GOOD MONEY Market Runtime | PEPPERSTONE:XAUUSD snapshot captured (live)
2026-04-23T07:37:18-06:00 | SMART MONEY - GOOD MONEY Market Runtime | FOREXCOM:US30 snapshot captured (live)
2026-04-23T07:38:04-06:00 | SMART MONEY - GOOD MONEY Market Runtime | PEPPERSTONE:XAUUSD snapshot captured (live)
2026-04-23T07:38:19-06:00 | SMART MONEY - GOOD MONEY Market Runtime | FOREXCOM:US30 snapshot captured (live)
2026-04-23T07:39:04-06:00 | SMART MONEY - GOOD MONEY Market Runtime | PEPPERSTONE:XAUUSD snapshot captured (live)
2026-04-23T07:39:19-06:00 | SMART MONEY - GOOD MONEY Market Runtime | FOREXCOM:US30 snapshot captured (live)
2026-04-23T07:40:05-06:00 | SMART MONEY - GOOD MONEY Market Runtime | PEPPERSTONE:XAUUSD snapshot captured (live)
2026-04-23T07:40:19-06:00 | SMART MONEY - GOOD MONEY Market Runtime | FOREXCOM:US30 snapshot captured (live)
2026-04-23T07:41:05-06:00 | SMART MONEY - GOOD MONEY Market Runtime | PEPPERSTONE:XAUUSD snapshot captured (live)
2026-04-23T07:41:20-06:00 | SMART MONEY - GOOD MONEY Market Runtime | FOREXCOM:US30 snapshot captured (live)
2026-04-23T07:42:07-06:00 | SMART MONEY - GOOD MONEY Market Runtime | PEPPERSTONE:XAUUSD snapshot captured (live)
2026-04-23T07:42:22-06:00 | SMART MONEY - GOOD MONEY Market Runtime | FOREXCOM:US30 snapshot captured (live)
2026-04-23T07:43:08-06:00 | SMART MONEY - GOOD MONEY Market Runtime | PEPPERSTONE:XAUUSD snapshot captured (live)
2026-04-23T07:43:22-06:00 | SMART MONEY - GOOD MONEY Market Runtime | FOREXCOM:US30 snapshot captured (live)
2026-04-23T07:44:08-06:00 | SMART MONEY - GOOD MONEY Market Runtime | PEPPERSTONE:XAUUSD snapshot captured (live)
2026-04-23T07:44:23-06:00 | SMART MONEY - GOOD MONEY Market Runtime | FOREXCOM:US30 snapshot captured (live)
2026-04-23T07:45:08-06:00 | SMART MONEY - GOOD MONEY Market Runtime | PEPPERSTONE:XAUUSD snapshot captured (live)
2026-04-23T07:45:23-06:00 | SMART MONEY - GOOD MONEY Market Runtime | FOREXCOM:US30 snapshot captured (live)
2026-04-23T07:46:09-06:00 | SMART MONEY - GOOD MONEY Market Runtime | PEPPERSTONE:XAUUSD snapshot captured (live)
2026-04-23T07:46:23-06:00 | SMART MONEY - GOOD MONEY Market Runtime | FOREXCOM:US30 snapshot captured (live)
2026-04-23T07:47:10-06:00 | SMART MONEY - GOOD MONEY Market Runtime | PEPPERSTONE:XAUUSD snapshot captured (live)
2026-04-23T07:47:26-06:00 | SMART MONEY - GOOD MONEY Market Runtime | FOREXCOM:US30 snapshot captured (live)
2026-04-23T07:48:12-06:00 | SMART MONEY - GOOD MONEY Market Runtime | PEPPERSTONE:XAUUSD snapshot captured (live)
2026-04-23T07:48:26-06:00 | SMART MONEY - GOOD MONEY Market Runtime | FOREXCOM:US30 snapshot captured (live)
2026-04-23T07:49:13-06:00 | SMART MONEY - GOOD MONEY Market Runtime | PEPPERSTONE:XAUUSD snapshot captured (live)
2026-04-23T07:49:27-06:00 | SMART MONEY - GOOD MONEY Market Runtime | FOREXCOM:US30 snapshot captured (live)
2026-04-23T07:50:13-06:00 | SMART MONEY - GOOD MONEY Market Runtime | PEPPERSTONE:XAUUSD snapshot captured (live)
2026-04-23T07:50:28-06:00 | SMART MONEY - GOOD MONEY Market Runtime | FOREXCOM:US30 snapshot captured (live)
2026-04-23T07:51:13-06:00 | SMART MONEY - GOOD MONEY Market Runtime | PEPPERSTONE:XAUUSD snapshot captured (live)
2026-04-23T07:51:28-06:00 | SMART MONEY - GOOD MONEY Market Runtime | FOREXCOM:US30 snapshot captured (live)
2026-04-23T07:52:15-06:00 | SMART MONEY - GOOD MONEY Market Runtime | PEPPERSTONE:XAUUSD snapshot captured (live)
2026-04-23T07:52:31-06:00 | SMART MONEY - GOOD MONEY Market Runtime | FOREXCOM:US30 snapshot captured (live)
2026-04-23T07:53:17-06:00 | SMART MONEY - GOOD MONEY Market Runtime | PEPPERSTONE:XAUUSD snapshot captured (live)
2026-04-23T07:53:31-06:00 | SMART MONEY - GOOD MONEY Market Runtime | FOREXCOM:US30 snapshot captured (live)
2026-04-23T07:54:17-06:00 | SMART MONEY - GOOD MONEY Market Runtime | PEPPERSTONE:XAUUSD snapshot captured (live)
2026-04-23T07:54:31-06:00 | SMART MONEY - GOOD MONEY Market Runtime | FOREXCOM:US30 snapshot captured (live)
2026-04-23T07:55:17-06:00 | SMART MONEY - GOOD MONEY Market Runtime | PEPPERSTONE:XAUUSD snapshot captured (live)
2026-04-23T07:55:32-06:00 | SMART MONEY - GOOD MONEY Market Runtime | FOREXCOM:US30 snapshot captured (live)
2026-04-23T07:56:18-06:00 | SMART MONEY - GOOD MONEY Market Runtime | PEPPERSTONE:XAUUSD snapshot captured (live)
2026-04-23T07:56:33-06:00 | SMART MONEY - GOOD MONEY Market Runtime | FOREXCOM:US30 snapshot captured (live)
2026-04-23T07:57:20-06:00 | SMART MONEY - GOOD MONEY Market Runtime | PEPPERSTONE:XAUUSD snapshot captured (live)
2026-04-23T07:57:36-06:00 | SMART MONEY - GOOD MONEY Market Runtime | FOREXCOM:US30 snapshot captured (live)
2026-04-23T07:58:21-06:00 | SMART MONEY - GOOD MONEY Market Runtime | PEPPERSTONE:XAUUSD snapshot captured (live)
2026-04-23T07:58:36-06:00 | SMART MONEY - GOOD MONEY Market Runtime | FOREXCOM:US30 snapshot captured (live)
2026-04-23T07:59:22-06:00 | SMART MONEY - GOOD MONEY Market Runtime | PEPPERSTONE:XAUUSD snapshot captured (live)
2026-04-23T07:59:37-06:00 | SMART MONEY - GOOD MONEY Market Runtime | FOREXCOM:US30 snapshot captured (live)
2026-04-23T08:00:23-06:00 | SMART MONEY - GOOD MONEY Market Runtime | PEPPERSTONE:XAUUSD snapshot captured (live)
2026-04-23T08:00:38-06:00 | SMART MONEY - GOOD MONEY Market Runtime | FOREXCOM:US30 snapshot captured (live)
2026-04-23T08:01:24-06:00 | SMART MONEY - GOOD MONEY Market Runtime | PEPPERSTONE:XAUUSD snapshot captured (live)
2026-04-23T08:01:39-06:00 | SMART MONEY - GOOD MONEY Market Runtime | FOREXCOM:US30 snapshot captured (live)
2026-04-23T08:02:26-06:00 | SMART MONEY - GOOD MONEY Market Runtime | PEPPERSTONE:XAUUSD snapshot captured (live)
2026-04-23T08:02:41-06:00 | SMART MONEY - GOOD MONEY Market Runtime | FOREXCOM:US30 snapshot captured (live)
2026-04-23T08:03:28-06:00 | SMART MONEY - GOOD MONEY Market Runtime | PEPPERSTONE:XAUUSD snapshot captured (live)
2026-04-23T08:03:43-06:00 | SMART MONEY - GOOD MONEY Market Runtime | FOREXCOM:US30 snapshot captured (live)
2026-04-23T08:04:28-06:00 | SMART MONEY - GOOD MONEY Market Runtime | PEPPERSTONE:XAUUSD snapshot captured (live)
2026-04-23T08:04:43-06:00 | SMART MONEY - GOOD MONEY Market Runtime | FOREXCOM:US30 snapshot captured (live)
2026-04-23T08:05:29-06:00 | SMART MONEY - GOOD MONEY Market Runtime | PEPPERSTONE:XAUUSD snapshot captured (live)
2026-04-23T08:05:43-06:00 | SMART MONEY - GOOD MONEY Market Runtime | FOREXCOM:US30 snapshot captured (live)
2026-04-23T08:06:30-06:00 | SMART MONEY - GOOD MONEY Market Runtime | PEPPERSTONE:XAUUSD snapshot captured (live)
2026-04-23T08:06:44-06:00 | SMART MONEY - GOOD MONEY Market Runtime | FOREXCOM:US30 snapshot captured (live)
2026-04-23T08:07:31-06:00 | SMART MONEY - GOOD MONEY Market Runtime | PEPPERSTONE:XAUUSD snapshot captured (live)
2026-04-23T08:07:47-06:00 | SMART MONEY - GOOD MONEY Market Runtime | FOREXCOM:US30 snapshot captured (live)
2026-04-23T08:08:33-06:00 | SMART MONEY - GOOD MONEY Market Runtime | PEPPERSTONE:XAUUSD snapshot captured (live)
2026-04-23T08:08:48-06:00 | SMART MONEY - GOOD MONEY Market Runtime | FOREXCOM:US30 snapshot captured (live)
2026-04-23T08:09:34-06:00 | SMART MONEY - GOOD MONEY Market Runtime | PEPPERSTONE:XAUUSD snapshot captured (live)
2026-04-23T08:09:48-06:00 | SMART MONEY - GOOD MONEY Market Runtime | FOREXCOM:US30 snapshot captured (live)
2026-04-23T08:10:34-06:00 | SMART MONEY - GOOD MONEY Market Runtime | PEPPERSTONE:XAUUSD snapshot captured (live)
2026-04-23T08:10:49-06:00 | SMART MONEY - GOOD MONEY Market Runtime | FOREXCOM:US30 snapshot captured (live)
2026-04-23T08:11:35-06:00 | SMART MONEY - GOOD MONEY Market Runtime | PEPPERSTONE:XAUUSD snapshot captured (live)
2026-04-23T08:11:49-06:00 | SMART MONEY - GOOD MONEY Market Runtime | FOREXCOM:US30 snapshot captured (live)
2026-04-23T08:12:36-06:00 | SMART MONEY - GOOD MONEY Market Runtime | PEPPERSTONE:XAUUSD snapshot captured (live)
2026-04-23T08:12:52-06:00 | SMART MONEY - GOOD MONEY Market Runtime | FOREXCOM:US30 snapshot captured (live)
2026-04-23T08:13:37-06:00 | SMART MONEY - GOOD MONEY Market Runtime | PEPPERSTONE:XAUUSD snapshot captured (live)
2026-04-23T08:13:52-06:00 | SMART MONEY - GOOD MONEY Market Runtime | FOREXCOM:US30 snapshot captured (live)
2026-04-23T08:14:37-06:00 | SMART MONEY - GOOD MONEY Market Runtime | PEPPERSTONE:XAUUSD snapshot captured (live)
2026-04-23T08:14:51-06:00 | SMART MONEY - GOOD MONEY Market Runtime | FOREXCOM:US30 snapshot captured (live)
2026-04-23T08:15:37-06:00 | SMART MONEY - GOOD MONEY Market Runtime | PEPPERSTONE:XAUUSD snapshot captured (live)
2026-04-23T08:15:51-06:00 | SMART MONEY - GOOD MONEY Market Runtime | FOREXCOM:US30 snapshot captured (live)
2026-04-23T08:16:37-06:00 | SMART MONEY - GOOD MONEY Market Runtime | PEPPERSTONE:XAUUSD snapshot captured (live)
2026-04-23T08:16:51-06:00 | SMART MONEY - GOOD MONEY Market Runtime | FOREXCOM:US30 snapshot captured (live)
2026-04-23T08:17:38-06:00 | SMART MONEY - GOOD MONEY Market Runtime | PEPPERSTONE:XAUUSD snapshot captured (live)
2026-04-23T08:17:53-06:00 | SMART MONEY - GOOD MONEY Market Runtime | FOREXCOM:US30 snapshot captured (live)
2026-04-23T08:18:39-06:00 | SMART MONEY - GOOD MONEY Market Runtime | PEPPERSTONE:XAUUSD snapshot captured (live)
2026-04-23T08:18:54-06:00 | SMART MONEY - GOOD MONEY Market Runtime | FOREXCOM:US30 snapshot captured (live)
2026-04-23T08:19:40-06:00 | SMART MONEY - GOOD MONEY Market Runtime | PEPPERSTONE:XAUUSD snapshot captured (live)
2026-04-23T08:19:54-06:00 | SMART MONEY - GOOD MONEY Market Runtime | FOREXCOM:US30 snapshot captured (live)
2026-04-23T08:20:40-06:00 | SMART MONEY - GOOD MONEY Market Runtime | PEPPERSTONE:XAUUSD snapshot captured (live)
2026-04-23T08:20:55-06:00 | SMART MONEY - GOOD MONEY Market Runtime | FOREXCOM:US30 snapshot captured (live)
2026-04-23T08:21:41-06:00 | SMART MONEY - GOOD MONEY Market Runtime | PEPPERSTONE:XAUUSD snapshot captured (live)
2026-04-23T08:21:56-06:00 | SMART MONEY - GOOD MONEY Market Runtime | FOREXCOM:US30 snapshot captured (live)
2026-04-23T08:22:43-06:00 | SMART MONEY - GOOD MONEY Market Runtime | PEPPERSTONE:XAUUSD snapshot captured (live)
2026-04-23T08:22:59-06:00 | SMART MONEY - GOOD MONEY Market Runtime | FOREXCOM:US30 snapshot captured (live)
2026-04-23T08:23:45-06:00 | SMART MONEY - GOOD MONEY Market Runtime | PEPPERSTONE:XAUUSD snapshot captured (live)
2026-04-23T08:24:00-06:00 | SMART MONEY - GOOD MONEY Market Runtime | FOREXCOM:US30 snapshot captured (live)
2026-04-23T08:24:46-06:00 | SMART MONEY - GOOD MONEY Market Runtime | PEPPERSTONE:XAUUSD snapshot captured (live)
2026-04-23T08:25:01-06:00 | SMART MONEY - GOOD MONEY Market Runtime | FOREXCOM:US30 snapshot captured (live)
2026-04-23T08:25:47-06:00 | SMART MONEY - GOOD MONEY Market Runtime | PEPPERSTONE:XAUUSD snapshot captured (live)
2026-04-23T08:26:03-06:00 | SMART MONEY - GOOD MONEY Market Runtime | FOREXCOM:US30 snapshot captured (live)
2026-04-23T08:26:49-06:00 | SMART MONEY - GOOD MONEY Market Runtime | PEPPERSTONE:XAUUSD snapshot captured (live)
2026-04-23T08:27:03-06:00 | SMART MONEY - GOOD MONEY Market Runtime | FOREXCOM:US30 snapshot captured (live)
2026-04-23T08:27:51-06:00 | SMART MONEY - GOOD MONEY Market Runtime | PEPPERSTONE:XAUUSD snapshot captured (live)
2026-04-23T08:28:07-06:00 | SMART MONEY - GOOD MONEY Market Runtime | FOREXCOM:US30 snapshot captured (live)
2026-04-23T08:28:53-06:00 | SMART MONEY - GOOD MONEY Market Runtime | PEPPERSTONE:XAUUSD snapshot captured (live)
2026-04-23T08:29:08-06:00 | SMART MONEY - GOOD MONEY Market Runtime | FOREXCOM:US30 snapshot captured (live)
2026-04-23T08:29:54-06:00 | SMART MONEY - GOOD MONEY Market Runtime | PEPPERSTONE:XAUUSD snapshot captured (live)
2026-04-23T08:30:09-06:00 | SMART MONEY - GOOD MONEY Market Runtime | FOREXCOM:US30 snapshot captured (live)
2026-04-23T08:30:55-06:00 | SMART MONEY - GOOD MONEY Market Runtime | PEPPERSTONE:XAUUSD snapshot captured (live)
2026-04-23T08:31:09-06:00 | SMART MONEY - GOOD MONEY Market Runtime | FOREXCOM:US30 snapshot captured (live)
2026-04-23T08:31:55-06:00 | SMART MONEY - GOOD MONEY Market Runtime | PEPPERSTONE:XAUUSD snapshot captured (live)
2026-04-23T08:32:15-06:00 | SMART MONEY - GOOD MONEY Market Runtime | FOREXCOM:US30 snapshot captured (live)
2026-04-23T08:33:02-06:00 | SMART MONEY - GOOD MONEY Market Runtime | PEPPERSTONE:XAUUSD snapshot captured (live)
2026-04-23T08:33:18-06:00 | SMART MONEY - GOOD MONEY Market Runtime | FOREXCOM:US30 snapshot captured (live)
2026-04-23T08:34:04-06:00 | SMART MONEY - GOOD MONEY Market Runtime | PEPPERSTONE:XAUUSD snapshot captured (live)
2026-04-23T08:34:19-06:00 | SMART MONEY - GOOD MONEY Market Runtime | FOREXCOM:US30 snapshot captured (live)
2026-04-23T08:35:05-06:00 | SMART MONEY - GOOD MONEY Market Runtime | PEPPERSTONE:XAUUSD snapshot captured (live)
2026-04-23T08:35:20-06:00 | SMART MONEY - GOOD MONEY Market Runtime | FOREXCOM:US30 snapshot captured (live)
2026-04-23T08:36:06-06:00 | SMART MONEY - GOOD MONEY Market Runtime | PEPPERSTONE:XAUUSD snapshot captured (live)
2026-04-23T08:36:20-06:00 | SMART MONEY - GOOD MONEY Market Runtime | FOREXCOM:US30 snapshot captured (live)
2026-04-23T08:37:07-06:00 | SMART MONEY - GOOD MONEY Market Runtime | PEPPERSTONE:XAUUSD snapshot captured (live)
2026-04-23T08:37:22-06:00 | SMART MONEY - GOOD MONEY Market Runtime | FOREXCOM:US30 snapshot captured (live)
2026-04-23T08:38:09-06:00 | SMART MONEY - GOOD MONEY Market Runtime | PEPPERSTONE:XAUUSD snapshot captured (live)
2026-04-23T08:38:24-06:00 | SMART MONEY - GOOD MONEY Market Runtime | FOREXCOM:US30 snapshot captured (live)
2026-04-23T08:39:11-06:00 | SMART MONEY - GOOD MONEY Market Runtime | PEPPERSTONE:XAUUSD snapshot captured (live)
2026-04-23T08:39:26-06:00 | SMART MONEY - GOOD MONEY Market Runtime | FOREXCOM:US30 snapshot captured (live)
2026-04-23T08:40:12-06:00 | SMART MONEY - GOOD MONEY Market Runtime | PEPPERSTONE:XAUUSD snapshot captured (live)
2026-04-23T08:40:26-06:00 | SMART MONEY - GOOD MONEY Market Runtime | FOREXCOM:US30 snapshot captured (live)
2026-04-23T08:41:13-06:00 | SMART MONEY - GOOD MONEY Market Runtime | PEPPERSTONE:XAUUSD snapshot captured (live)
2026-04-23T08:41:27-06:00 | SMART MONEY - GOOD MONEY Market Runtime | FOREXCOM:US30 snapshot captured (live)
2026-04-23T08:42:14-06:00 | SMART MONEY - GOOD MONEY Market Runtime | PEPPERSTONE:XAUUSD snapshot captured (live)
2026-04-23T08:42:32-06:00 | SMART MONEY - GOOD MONEY Market Runtime | FOREXCOM:US30 snapshot captured (live)
2026-04-23T08:43:20-06:00 | SMART MONEY - GOOD MONEY Market Runtime | PEPPERSTONE:XAUUSD snapshot captured (live)
2026-04-23T08:43:37-06:00 | SMART MONEY - GOOD MONEY Market Runtime | FOREXCOM:US30 snapshot captured (live)
2026-04-23T08:44:23-06:00 | SMART MONEY - GOOD MONEY Market Runtime | PEPPERSTONE:XAUUSD snapshot captured (live)
2026-04-23T08:44:38-06:00 | SMART MONEY - GOOD MONEY Market Runtime | FOREXCOM:US30 snapshot captured (live)
2026-04-23T08:45:25-06:00 | SMART MONEY - GOOD MONEY Market Runtime | PEPPERSTONE:XAUUSD snapshot captured (live)
2026-04-23T08:45:40-06:00 | SMART MONEY - GOOD MONEY Market Runtime | FOREXCOM:US30 snapshot captured (live)
2026-04-23T08:46:26-06:00 | SMART MONEY - GOOD MONEY Market Runtime | PEPPERSTONE:XAUUSD snapshot captured (live)
2026-04-23T08:46:42-06:00 | SMART MONEY - GOOD MONEY Market Runtime | FOREXCOM:US30 snapshot captured (live)
2026-04-23T08:47:28-06:00 | SMART MONEY - GOOD MONEY Market Runtime | PEPPERSTONE:XAUUSD snapshot captured (live)
2026-04-23T08:47:43-06:00 | SMART MONEY - GOOD MONEY Market Runtime | FOREXCOM:US30 snapshot captured (live)
2026-04-23T08:48:30-06:00 | SMART MONEY - GOOD MONEY Market Runtime | PEPPERSTONE:XAUUSD snapshot captured (live)
2026-04-23T08:48:46-06:00 | SMART MONEY - GOOD MONEY Market Runtime | FOREXCOM:US30 snapshot captured (live)
2026-04-23T08:49:33-06:00 | SMART MONEY - GOOD MONEY Market Runtime | PEPPERSTONE:XAUUSD snapshot captured (live)
2026-04-23T08:49:48-06:00 | SMART MONEY - GOOD MONEY Market Runtime | FOREXCOM:US30 snapshot captured (live)
2026-04-23T08:50:34-06:00 | SMART MONEY - GOOD MONEY Market Runtime | PEPPERSTONE:XAUUSD snapshot captured (live)
2026-04-23T08:50:49-06:00 | SMART MONEY - GOOD MONEY Market Runtime | FOREXCOM:US30 snapshot captured (live)
2026-04-23T08:51:36-06:00 | SMART MONEY - GOOD MONEY Market Runtime | PEPPERSTONE:XAUUSD snapshot captured (live)
2026-04-23T08:51:51-06:00 | SMART MONEY - GOOD MONEY Market Runtime | FOREXCOM:US30 snapshot captured (live)
2026-04-23T08:52:37-06:00 | SMART MONEY - GOOD MONEY Market Runtime | PEPPERSTONE:XAUUSD snapshot captured (live)
2026-04-23T08:52:52-06:00 | SMART MONEY - GOOD MONEY Market Runtime | FOREXCOM:US30 snapshot captured (live)
2026-04-23T08:53:39-06:00 | SMART MONEY - GOOD MONEY Market Runtime | PEPPERSTONE:XAUUSD snapshot captured (live)
2026-04-23T08:53:55-06:00 | SMART MONEY - GOOD MONEY Market Runtime | FOREXCOM:US30 snapshot captured (live)
2026-04-23T08:54:41-06:00 | SMART MONEY - GOOD MONEY Market Runtime | PEPPERSTONE:XAUUSD snapshot captured (live)
2026-04-23T08:54:56-06:00 | SMART MONEY - GOOD MONEY Market Runtime | FOREXCOM:US30 snapshot captured (live)
2026-04-23T08:55:43-06:00 | SMART MONEY - GOOD MONEY Market Runtime | PEPPERSTONE:XAUUSD snapshot captured (live)
2026-04-23T08:55:58-06:00 | SMART MONEY - GOOD MONEY Market Runtime | FOREXCOM:US30 snapshot captured (live)
2026-04-23T08:56:44-06:00 | SMART MONEY - GOOD MONEY Market Runtime | PEPPERSTONE:XAUUSD snapshot captured (live)
2026-04-23T08:57:00-06:00 | SMART MONEY - GOOD MONEY Market Runtime | FOREXCOM:US30 snapshot captured (live)
2026-04-23T08:57:47-06:00 | SMART MONEY - GOOD MONEY Market Runtime | PEPPERSTONE:XAUUSD snapshot captured (live)
2026-04-23T08:58:02-06:00 | SMART MONEY - GOOD MONEY Market Runtime | FOREXCOM:US30 snapshot captured (live)
2026-04-23T08:58:50-06:00 | SMART MONEY - GOOD MONEY Market Runtime | PEPPERSTONE:XAUUSD snapshot captured (live)
2026-04-23T08:59:06-06:00 | SMART MONEY - GOOD MONEY Market Runtime | FOREXCOM:US30 snapshot captured (live)
2026-04-23T08:59:53-06:00 | SMART MONEY - GOOD MONEY Market Runtime | PEPPERSTONE:XAUUSD snapshot captured (live)
2026-04-23T09:00:08-06:00 | SMART MONEY - GOOD MONEY Market Runtime | FOREXCOM:US30 snapshot captured (live)
2026-04-23T09:00:54-06:00 | SMART MONEY - GOOD MONEY Market Runtime | PEPPERSTONE:XAUUSD snapshot captured (live)
2026-04-23T09:01:09-06:00 | SMART MONEY - GOOD MONEY Market Runtime | FOREXCOM:US30 snapshot captured (live)
2026-04-23T09:01:56-06:00 | SMART MONEY - GOOD MONEY Market Runtime | PEPPERSTONE:XAUUSD snapshot captured (live)
2026-04-23T09:02:11-06:00 | SMART MONEY - GOOD MONEY Market Runtime | FOREXCOM:US30 snapshot captured (live)
2026-04-23T09:02:59-06:00 | SMART MONEY - GOOD MONEY Market Runtime | PEPPERSTONE:XAUUSD snapshot captured (live)
2026-04-23T09:03:15-06:00 | SMART MONEY - GOOD MONEY Market Runtime | FOREXCOM:US30 snapshot captured (live)
2026-04-23T09:04:04-06:00 | SMART MONEY - GOOD MONEY Market Runtime | PEPPERSTONE:XAUUSD snapshot captured (live)
2026-04-23T09:04:20-06:00 | SMART MONEY - GOOD MONEY Market Runtime | FOREXCOM:US30 snapshot captured (live)
2026-04-23T09:05:07-06:00 | SMART MONEY - GOOD MONEY Market Runtime | PEPPERSTONE:XAUUSD snapshot captured (live)
2026-04-23T09:05:22-06:00 | SMART MONEY - GOOD MONEY Market Runtime | FOREXCOM:US30 snapshot captured (live)
2026-04-23T09:06:08-06:00 | SMART MONEY - GOOD MONEY Market Runtime | PEPPERSTONE:XAUUSD snapshot captured (live)
2026-04-23T09:06:23-06:00 | SMART MONEY - GOOD MONEY Market Runtime | FOREXCOM:US30 snapshot captured (live)
2026-04-23T09:07:09-06:00 | SMART MONEY - GOOD MONEY Market Runtime | PEPPERSTONE:XAUUSD snapshot captured (live)
2026-04-23T09:07:25-06:00 | SMART MONEY - GOOD MONEY Market Runtime | FOREXCOM:US30 snapshot captured (live)
2026-04-23T09:08:11-06:00 | SMART MONEY - GOOD MONEY Market Runtime | PEPPERSTONE:XAUUSD snapshot captured (live)
2026-04-23T09:08:26-06:00 | SMART MONEY - GOOD MONEY Market Runtime | FOREXCOM:US30 snapshot captured (live)
2026-04-23T09:09:14-06:00 | SMART MONEY - GOOD MONEY Market Runtime | PEPPERSTONE:XAUUSD snapshot captured (live)
2026-04-23T09:09:30-06:00 | SMART MONEY - GOOD MONEY Market Runtime | FOREXCOM:US30 snapshot captured (live)
2026-04-23T09:10:17-06:00 | SMART MONEY - GOOD MONEY Market Runtime | PEPPERSTONE:XAUUSD snapshot captured (live)
2026-04-23T09:10:32-06:00 | SMART MONEY - GOOD MONEY Market Runtime | FOREXCOM:US30 snapshot captured (live)
2026-04-23T09:11:19-06:00 | SMART MONEY - GOOD MONEY Market Runtime | PEPPERSTONE:XAUUSD snapshot captured (live)
2026-04-23T09:11:34-06:00 | SMART MONEY - GOOD MONEY Market Runtime | FOREXCOM:US30 snapshot captured (live)
2026-04-23T09:12:21-06:00 | SMART MONEY - GOOD MONEY Market Runtime | PEPPERSTONE:XAUUSD snapshot captured (live)
2026-04-23T09:12:36-06:00 | SMART MONEY - GOOD MONEY Market Runtime | FOREXCOM:US30 snapshot captured (live)
2026-04-23T09:13:23-06:00 | SMART MONEY - GOOD MONEY Market Runtime | PEPPERSTONE:XAUUSD snapshot captured (live)
2026-04-23T09:13:38-06:00 | SMART MONEY - GOOD MONEY Market Runtime | FOREXCOM:US30 snapshot captured (live)
2026-04-23T09:14:26-06:00 | SMART MONEY - GOOD MONEY Market Runtime | PEPPERSTONE:XAUUSD snapshot captured (live)
2026-04-23T09:14:43-06:00 | SMART MONEY - GOOD MONEY Market Runtime | FOREXCOM:US30 snapshot captured (live)
2026-04-23T09:15:30-06:00 | SMART MONEY - GOOD MONEY Market Runtime | PEPPERSTONE:XAUUSD snapshot captured (live)
2026-04-23T09:15:46-06:00 | SMART MONEY - GOOD MONEY Market Runtime | FOREXCOM:US30 snapshot captured (live)
2026-04-23T09:16:34-06:00 | SMART MONEY - GOOD MONEY Market Runtime | PEPPERSTONE:XAUUSD snapshot captured (live)
2026-04-23T09:16:49-06:00 | SMART MONEY - GOOD MONEY Market Runtime | FOREXCOM:US30 snapshot captured (live)
2026-04-23T09:17:36-06:00 | SMART MONEY - GOOD MONEY Market Runtime | PEPPERSTONE:XAUUSD snapshot captured (live)
2026-04-23T09:17:51-06:00 | SMART MONEY - GOOD MONEY Market Runtime | FOREXCOM:US30 snapshot captured (live)
2026-04-23T09:18:38-06:00 | SMART MONEY - GOOD MONEY Market Runtime | PEPPERSTONE:XAUUSD snapshot captured (live)
2026-04-23T09:18:53-06:00 | SMART MONEY - GOOD MONEY Market Runtime | FOREXCOM:US30 snapshot captured (live)
2026-04-23T09:19:42-06:00 | SMART MONEY - GOOD MONEY Market Runtime | PEPPERSTONE:XAUUSD snapshot captured (live)
2026-04-23T09:19:58-06:00 | SMART MONEY - GOOD MONEY Market Runtime | FOREXCOM:US30 snapshot captured (live)
2026-04-23T09:20:45-06:00 | SMART MONEY - GOOD MONEY Market Runtime | PEPPERSTONE:XAUUSD snapshot captured (live)
2026-04-23T09:21:02-06:00 | SMART MONEY - GOOD MONEY Market Runtime | FOREXCOM:US30 snapshot captured (live)
2026-04-23T09:21:49-06:00 | SMART MONEY - GOOD MONEY Market Runtime | PEPPERSTONE:XAUUSD snapshot captured (live)
2026-04-23T09:22:05-06:00 | SMART MONEY - GOOD MONEY Market Runtime | FOREXCOM:US30 snapshot captured (live)
2026-04-23T09:22:53-06:00 | SMART MONEY - GOOD MONEY Market Runtime | PEPPERSTONE:XAUUSD snapshot captured (live)
2026-04-23T09:23:09-06:00 | SMART MONEY - GOOD MONEY Market Runtime | FOREXCOM:US30 snapshot captured (live)
2026-04-23T09:24:02-06:00 | SMART MONEY - GOOD MONEY Market Runtime | PEPPERSTONE:XAUUSD snapshot failed: RuntimeError: Chart did not become ready for PEPPERSTONE:XAUUSD 240. Last status: {'success': True, 'cdp_connected': True, 'target_id': '937CF99535280795C9C1066476585733', 'target_url': 'https://www.tradingview.com/chart/AJ52AoVB/', 'target_title': 'Live stock, index, futures, Forex and Bitcoin charts on TradingView', 'chart_symbol': 'FOREXCOM:US30', 'chart_resolution': '240', 'chart_type': 1, 'api_available': True}
2026-04-23T09:24:21-06:00 | SMART MONEY - GOOD MONEY Market Runtime | FOREXCOM:US30 snapshot captured (live)
2026-04-23T09:25:11-06:00 | SMART MONEY - GOOD MONEY Market Runtime | PEPPERSTONE:XAUUSD snapshot captured (live)
2026-04-23T09:25:27-06:00 | SMART MONEY - GOOD MONEY Market Runtime | FOREXCOM:US30 snapshot captured (live)
2026-04-23T09:26:14-06:00 | SMART MONEY - GOOD MONEY Market Runtime | PEPPERSTONE:XAUUSD snapshot captured (live)
2026-04-23T09:26:29-06:00 | SMART MONEY - GOOD MONEY Market Runtime | FOREXCOM:US30 snapshot captured (live)
2026-04-23T09:27:15-06:00 | SMART MONEY - GOOD MONEY Market Runtime | PEPPERSTONE:XAUUSD snapshot captured (live)
2026-04-23T09:27:30-06:00 | SMART MONEY - GOOD MONEY Market Runtime | FOREXCOM:US30 snapshot captured (live)
2026-04-23T09:28:17-06:00 | SMART MONEY - GOOD MONEY Market Runtime | PEPPERSTONE:XAUUSD snapshot captured (live)
2026-04-23T09:28:32-06:00 | SMART MONEY - GOOD MONEY Market Runtime | FOREXCOM:US30 snapshot captured (live)
2026-04-23T09:29:19-06:00 | SMART MONEY - GOOD MONEY Market Runtime | PEPPERSTONE:XAUUSD snapshot captured (live)
2026-04-23T09:29:34-06:00 | SMART MONEY - GOOD MONEY Market Runtime | FOREXCOM:US30 snapshot captured (live)
2026-04-23T09:30:22-06:00 | SMART MONEY - GOOD MONEY Market Runtime | PEPPERSTONE:XAUUSD snapshot captured (live)
2026-04-23T09:30:38-06:00 | SMART MONEY - GOOD MONEY Market Runtime | FOREXCOM:US30 snapshot captured (live)
2026-04-23T09:31:25-06:00 | SMART MONEY - GOOD MONEY Market Runtime | PEPPERSTONE:XAUUSD snapshot captured (live)
2026-04-23T09:31:40-06:00 | SMART MONEY - GOOD MONEY Market Runtime | FOREXCOM:US30 snapshot captured (live)
2026-04-23T09:32:27-06:00 | SMART MONEY - GOOD MONEY Market Runtime | PEPPERSTONE:XAUUSD snapshot captured (live)
2026-04-23T09:32:42-06:00 | SMART MONEY - GOOD MONEY Market Runtime | FOREXCOM:US30 snapshot captured (live)
2026-04-23T09:33:28-06:00 | SMART MONEY - GOOD MONEY Market Runtime | PEPPERSTONE:XAUUSD snapshot captured (live)
2026-04-23T09:33:44-06:00 | SMART MONEY - GOOD MONEY Market Runtime | FOREXCOM:US30 snapshot captured (live)
2026-04-23T09:34:31-06:00 | SMART MONEY - GOOD MONEY Market Runtime | PEPPERSTONE:XAUUSD snapshot captured (live)
2026-04-23T09:34:46-06:00 | SMART MONEY - GOOD MONEY Market Runtime | FOREXCOM:US30 snapshot captured (live)
2026-04-23T09:35:33-06:00 | SMART MONEY - GOOD MONEY Market Runtime | PEPPERSTONE:XAUUSD snapshot captured (live)
2026-04-23T09:35:49-06:00 | SMART MONEY - GOOD MONEY Market Runtime | FOREXCOM:US30 snapshot captured (live)
2026-04-23T09:36:35-06:00 | SMART MONEY - GOOD MONEY Market Runtime | PEPPERSTONE:XAUUSD snapshot captured (live)
2026-04-23T09:36:50-06:00 | SMART MONEY - GOOD MONEY Market Runtime | FOREXCOM:US30 snapshot captured (live)
2026-04-23T09:37:37-06:00 | SMART MONEY - GOOD MONEY Market Runtime | PEPPERSTONE:XAUUSD snapshot captured (live)
2026-04-23T09:37:52-06:00 | SMART MONEY - GOOD MONEY Market Runtime | FOREXCOM:US30 snapshot captured (live)
2026-04-23T09:38:39-06:00 | SMART MONEY - GOOD MONEY Market Runtime | PEPPERSTONE:XAUUSD snapshot captured (live)
2026-04-23T09:38:53-06:00 | SMART MONEY - GOOD MONEY Market Runtime | FOREXCOM:US30 snapshot captured (live)
2026-04-23T09:39:40-06:00 | SMART MONEY - GOOD MONEY Market Runtime | PEPPERSTONE:XAUUSD snapshot captured (live)
2026-04-23T09:39:55-06:00 | SMART MONEY - GOOD MONEY Market Runtime | FOREXCOM:US30 snapshot captured (live)
2026-04-23T09:40:42-06:00 | SMART MONEY - GOOD MONEY Market Runtime | PEPPERSTONE:XAUUSD snapshot captured (live)
2026-04-23T09:40:58-06:00 | SMART MONEY - GOOD MONEY Market Runtime | FOREXCOM:US30 snapshot captured (live)
2026-04-23T09:41:45-06:00 | SMART MONEY - GOOD MONEY Market Runtime | PEPPERSTONE:XAUUSD snapshot captured (live)
2026-04-23T09:41:59-06:00 | SMART MONEY - GOOD MONEY Market Runtime | FOREXCOM:US30 snapshot captured (live)
2026-04-23T09:42:46-06:00 | SMART MONEY - GOOD MONEY Market Runtime | PEPPERSTONE:XAUUSD snapshot captured (live)
2026-04-23T09:43:01-06:00 | SMART MONEY - GOOD MONEY Market Runtime | FOREXCOM:US30 snapshot captured (live)
2026-04-23T09:43:48-06:00 | SMART MONEY - GOOD MONEY Market Runtime | PEPPERSTONE:XAUUSD snapshot captured (live)
2026-04-23T09:44:02-06:00 | SMART MONEY - GOOD MONEY Market Runtime | FOREXCOM:US30 snapshot captured (live)
2026-04-23T09:44:49-06:00 | SMART MONEY - GOOD MONEY Market Runtime | PEPPERSTONE:XAUUSD snapshot captured (live)
2026-04-23T09:45:04-06:00 | SMART MONEY - GOOD MONEY Market Runtime | FOREXCOM:US30 snapshot captured (live)
2026-04-23T09:45:51-06:00 | SMART MONEY - GOOD MONEY Market Runtime | PEPPERSTONE:XAUUSD snapshot captured (live)
2026-04-23T09:46:07-06:00 | SMART MONEY - GOOD MONEY Market Runtime | FOREXCOM:US30 snapshot captured (live)
2026-04-23T09:46:54-06:00 | SMART MONEY - GOOD MONEY Market Runtime | PEPPERSTONE:XAUUSD snapshot captured (live)
2026-04-23T09:47:09-06:00 | SMART MONEY - GOOD MONEY Market Runtime | FOREXCOM:US30 snapshot captured (live)
2026-04-23T09:47:56-06:00 | SMART MONEY - GOOD MONEY Market Runtime | PEPPERSTONE:XAUUSD snapshot captured (live)
2026-04-23T09:48:11-06:00 | SMART MONEY - GOOD MONEY Market Runtime | FOREXCOM:US30 snapshot captured (live)
2026-04-23T09:48:58-06:00 | SMART MONEY - GOOD MONEY Market Runtime | PEPPERSTONE:XAUUSD snapshot captured (live)
2026-04-23T09:49:15-06:00 | SMART MONEY - GOOD MONEY Market Runtime | FOREXCOM:US30 snapshot captured (live)
2026-04-23T09:50:02-06:00 | SMART MONEY - GOOD MONEY Market Runtime | PEPPERSTONE:XAUUSD snapshot captured (live)
2026-04-23T09:50:17-06:00 | SMART MONEY - GOOD MONEY Market Runtime | FOREXCOM:US30 snapshot captured (live)
2026-04-23T09:51:05-06:00 | SMART MONEY - GOOD MONEY Market Runtime | PEPPERSTONE:XAUUSD snapshot captured (live)
2026-04-23T09:51:20-06:00 | SMART MONEY - GOOD MONEY Market Runtime | FOREXCOM:US30 snapshot captured (live)
2026-04-23T09:52:07-06:00 | SMART MONEY - GOOD MONEY Market Runtime | PEPPERSTONE:XAUUSD snapshot captured (live)
2026-04-23T09:52:22-06:00 | SMART MONEY - GOOD MONEY Market Runtime | FOREXCOM:US30 snapshot captured (live)
2026-04-23T09:53:09-06:00 | SMART MONEY - GOOD MONEY Market Runtime | PEPPERSTONE:XAUUSD snapshot captured (live)
2026-04-23T09:53:23-06:00 | SMART MONEY - GOOD MONEY Market Runtime | FOREXCOM:US30 snapshot captured (live)
2026-04-23T09:54:10-06:00 | SMART MONEY - GOOD MONEY Market Runtime | PEPPERSTONE:XAUUSD snapshot captured (live)
2026-04-23T09:54:25-06:00 | SMART MONEY - GOOD MONEY Market Runtime | FOREXCOM:US30 snapshot captured (live)
2026-04-23T09:55:12-06:00 | SMART MONEY - GOOD MONEY Market Runtime | PEPPERSTONE:XAUUSD snapshot captured (live)
2026-04-23T09:55:27-06:00 | SMART MONEY - GOOD MONEY Market Runtime | FOREXCOM:US30 snapshot captured (live)
2026-04-23T09:56:14-06:00 | SMART MONEY - GOOD MONEY Market Runtime | PEPPERSTONE:XAUUSD snapshot captured (live)
2026-04-23T09:56:31-06:00 | SMART MONEY - GOOD MONEY Market Runtime | FOREXCOM:US30 snapshot captured (live)
2026-04-23T09:57:17-06:00 | SMART MONEY - GOOD MONEY Market Runtime | PEPPERSTONE:XAUUSD snapshot captured (live)
2026-04-23T09:57:32-06:00 | SMART MONEY - GOOD MONEY Market Runtime | FOREXCOM:US30 snapshot captured (live)
2026-04-23T09:58:19-06:00 | SMART MONEY - GOOD MONEY Market Runtime | PEPPERSTONE:XAUUSD snapshot captured (live)
2026-04-23T09:58:35-06:00 | SMART MONEY - GOOD MONEY Market Runtime | FOREXCOM:US30 snapshot captured (live)
2026-04-23T09:59:21-06:00 | SMART MONEY - GOOD MONEY Market Runtime | PEPPERSTONE:XAUUSD snapshot captured (live)
2026-04-23T09:59:36-06:00 | SMART MONEY - GOOD MONEY Market Runtime | FOREXCOM:US30 snapshot captured (live)
2026-04-23T10:00:23-06:00 | SMART MONEY - GOOD MONEY Market Runtime | PEPPERSTONE:XAUUSD snapshot captured (live)
2026-04-23T10:00:38-06:00 | SMART MONEY - GOOD MONEY Market Runtime | FOREXCOM:US30 snapshot captured (live)
2026-04-23T10:01:25-06:00 | SMART MONEY - GOOD MONEY Market Runtime | PEPPERSTONE:XAUUSD snapshot captured (live)
2026-04-23T10:01:43-06:00 | SMART MONEY - GOOD MONEY Market Runtime | FOREXCOM:US30 snapshot captured (live)
2026-04-23T10:02:31-06:00 | SMART MONEY - GOOD MONEY Market Runtime | PEPPERSTONE:XAUUSD snapshot captured (live)
2026-04-23T10:02:48-06:00 | SMART MONEY - GOOD MONEY Market Runtime | FOREXCOM:US30 snapshot captured (live)
2026-04-23T10:03:35-06:00 | SMART MONEY - GOOD MONEY Market Runtime | PEPPERSTONE:XAUUSD snapshot captured (live)
2026-04-23T10:03:51-06:00 | SMART MONEY - GOOD MONEY Market Runtime | FOREXCOM:US30 snapshot captured (live)
2026-04-23T10:04:43-06:00 | SMART MONEY - GOOD MONEY Market Runtime | PEPPERSTONE:XAUUSD snapshot captured (live)
2026-04-23T10:05:01-06:00 | SMART MONEY - GOOD MONEY Market Runtime | FOREXCOM:US30 snapshot captured (live)
2026-04-23T10:05:52-06:00 | SMART MONEY - GOOD MONEY Market Runtime | PEPPERSTONE:XAUUSD snapshot captured (live)
2026-04-23T10:06:10-06:00 | SMART MONEY - GOOD MONEY Market Runtime | FOREXCOM:US30 snapshot captured (live)
2026-04-23T10:07:12-06:00 | SMART MONEY - GOOD MONEY Market Runtime | PEPPERSTONE:XAUUSD snapshot captured (live)
2026-04-23T10:07:35-06:00 | SMART MONEY - GOOD MONEY Market Runtime | FOREXCOM:US30 snapshot captured (live)
2026-04-23T10:08:26-06:00 | SMART MONEY - GOOD MONEY Market Runtime | PEPPERSTONE:XAUUSD snapshot captured (live)
2026-04-23T10:08:49-06:00 | SMART MONEY - GOOD MONEY Market Runtime | FOREXCOM:US30 snapshot captured (live)
2026-04-23T10:09:43-06:00 | SMART MONEY - GOOD MONEY Market Runtime | PEPPERSTONE:XAUUSD snapshot captured (live)
2026-04-23T10:10:03-06:00 | SMART MONEY - GOOD MONEY Market Runtime | FOREXCOM:US30 snapshot captured (live)
2026-04-23T10:10:53-06:00 | SMART MONEY - GOOD MONEY Market Runtime | PEPPERSTONE:XAUUSD snapshot captured (live)
2026-04-23T10:11:11-06:00 | SMART MONEY - GOOD MONEY Market Runtime | FOREXCOM:US30 snapshot captured (live)
2026-04-23T10:12:02-06:00 | SMART MONEY - GOOD MONEY Market Runtime | PEPPERSTONE:XAUUSD snapshot captured (live)
2026-04-23T10:12:20-06:00 | SMART MONEY - GOOD MONEY Market Runtime | FOREXCOM:US30 snapshot captured (live)
2026-04-23T10:13:22-06:00 | SMART MONEY - GOOD MONEY Market Runtime | PEPPERSTONE:XAUUSD snapshot captured (live)
2026-04-23T10:13:51-06:00 | SMART MONEY - GOOD MONEY Market Runtime | FOREXCOM:US30 snapshot captured (live)
2026-04-23T10:14:42-06:00 | SMART MONEY - GOOD MONEY Market Runtime | PEPPERSTONE:XAUUSD snapshot captured (live)
2026-04-23T10:15:01-06:00 | SMART MONEY - GOOD MONEY Market Runtime | FOREXCOM:US30 snapshot captured (live)
2026-04-23T10:15:51-06:00 | SMART MONEY - GOOD MONEY Market Runtime | PEPPERSTONE:XAUUSD snapshot captured (live)
2026-04-23T10:16:10-06:00 | SMART MONEY - GOOD MONEY Market Runtime | FOREXCOM:US30 snapshot captured (live)
2026-04-23T10:17:00-06:00 | SMART MONEY - GOOD MONEY Market Runtime | PEPPERSTONE:XAUUSD snapshot captured (live)
2026-04-23T10:17:19-06:00 | SMART MONEY - GOOD MONEY Market Runtime | FOREXCOM:US30 snapshot captured (live)
2026-04-23T10:18:09-06:00 | SMART MONEY - GOOD MONEY Market Runtime | PEPPERSTONE:XAUUSD snapshot captured (live)
2026-04-23T10:18:28-06:00 | SMART MONEY - GOOD MONEY Market Runtime | FOREXCOM:US30 snapshot captured (live)
2026-04-23T10:19:29-06:00 | SMART MONEY - GOOD MONEY Market Runtime | PEPPERSTONE:XAUUSD snapshot captured (live)
2026-04-23T10:19:59-06:00 | SMART MONEY - GOOD MONEY Market Runtime | FOREXCOM:US30 snapshot captured (live)
2026-04-23T10:20:50-06:00 | SMART MONEY - GOOD MONEY Market Runtime | PEPPERSTONE:XAUUSD snapshot captured (live)
2026-04-23T10:21:08-06:00 | SMART MONEY - GOOD MONEY Market Runtime | FOREXCOM:US30 snapshot captured (live)
2026-04-23T10:21:58-06:00 | SMART MONEY - GOOD MONEY Market Runtime | PEPPERSTONE:XAUUSD snapshot captured (live)
2026-04-23T10:22:17-06:00 | SMART MONEY - GOOD MONEY Market Runtime | FOREXCOM:US30 snapshot captured (live)
2026-04-23T10:23:07-06:00 | SMART MONEY - GOOD MONEY Market Runtime | PEPPERSTONE:XAUUSD snapshot captured (live)
2026-04-23T10:23:26-06:00 | SMART MONEY - GOOD MONEY Market Runtime | FOREXCOM:US30 snapshot captured (live)
2026-04-23T10:24:16-06:00 | SMART MONEY - GOOD MONEY Market Runtime | PEPPERSTONE:XAUUSD snapshot captured (live)
2026-04-23T10:24:34-06:00 | SMART MONEY - GOOD MONEY Market Runtime | FOREXCOM:US30 snapshot captured (live)
2026-04-23T10:25:35-06:00 | SMART MONEY - GOOD MONEY Market Runtime | PEPPERSTONE:XAUUSD snapshot captured (live)
2026-04-23T10:26:05-06:00 | SMART MONEY - GOOD MONEY Market Runtime | FOREXCOM:US30 snapshot captured (live)
2026-04-23T10:26:55-06:00 | SMART MONEY - GOOD MONEY Market Runtime | PEPPERSTONE:XAUUSD snapshot captured (live)
2026-04-23T10:27:14-06:00 | SMART MONEY - GOOD MONEY Market Runtime | FOREXCOM:US30 snapshot captured (live)
2026-04-23T10:28:04-06:00 | SMART MONEY - GOOD MONEY Market Runtime | PEPPERSTONE:XAUUSD snapshot captured (live)
2026-04-23T10:28:23-06:00 | SMART MONEY - GOOD MONEY Market Runtime | FOREXCOM:US30 snapshot captured (live)
2026-04-23T10:29:13-06:00 | SMART MONEY - GOOD MONEY Market Runtime | PEPPERSTONE:XAUUSD snapshot captured (live)
2026-04-23T10:29:32-06:00 | SMART MONEY - GOOD MONEY Market Runtime | FOREXCOM:US30 snapshot captured (live)
2026-04-23T10:30:22-06:00 | SMART MONEY - GOOD MONEY Market Runtime | PEPPERSTONE:XAUUSD snapshot captured (live)
2026-04-23T10:30:40-06:00 | SMART MONEY - GOOD MONEY Market Runtime | FOREXCOM:US30 snapshot captured (live)
2026-04-23T10:31:42-06:00 | SMART MONEY - GOOD MONEY Market Runtime | PEPPERSTONE:XAUUSD snapshot captured (live)
2026-04-23T10:32:12-06:00 | SMART MONEY - GOOD MONEY Market Runtime | FOREXCOM:US30 snapshot captured (live)
2026-04-23T10:33:02-06:00 | SMART MONEY - GOOD MONEY Market Runtime | PEPPERSTONE:XAUUSD snapshot captured (live)
2026-04-23T10:33:20-06:00 | SMART MONEY - GOOD MONEY Market Runtime | FOREXCOM:US30 snapshot captured (live)
2026-04-23T10:34:10-06:00 | SMART MONEY - GOOD MONEY Market Runtime | PEPPERSTONE:XAUUSD snapshot captured (live)
2026-04-23T10:34:29-06:00 | SMART MONEY - GOOD MONEY Market Runtime | FOREXCOM:US30 snapshot captured (live)
2026-04-23T10:35:19-06:00 | SMART MONEY - GOOD MONEY Market Runtime | PEPPERSTONE:XAUUSD snapshot captured (live)
2026-04-23T10:35:37-06:00 | SMART MONEY - GOOD MONEY Market Runtime | FOREXCOM:US30 snapshot captured (live)
2026-04-23T10:36:28-06:00 | SMART MONEY - GOOD MONEY Market Runtime | PEPPERSTONE:XAUUSD snapshot captured (live)
2026-04-23T10:36:46-06:00 | SMART MONEY - GOOD MONEY Market Runtime | FOREXCOM:US30 snapshot captured (live)
2026-04-23T10:37:48-06:00 | SMART MONEY - GOOD MONEY Market Runtime | PEPPERSTONE:XAUUSD snapshot captured (live)
2026-04-23T10:38:17-06:00 | SMART MONEY - GOOD MONEY Market Runtime | FOREXCOM:US30 snapshot captured (live)
2026-04-23T10:39:09-06:00 | SMART MONEY - GOOD MONEY Market Runtime | PEPPERSTONE:XAUUSD snapshot captured (live)
2026-04-23T10:39:30-06:00 | SMART MONEY - GOOD MONEY Market Runtime | FOREXCOM:US30 snapshot captured (live)
2026-04-23T10:40:25-06:00 | SMART MONEY - GOOD MONEY Market Runtime | PEPPERSTONE:XAUUSD snapshot captured (live)
2026-04-23T10:40:47-06:00 | SMART MONEY - GOOD MONEY Market Runtime | FOREXCOM:US30 snapshot captured (live)
2026-04-23T10:41:40-06:00 | SMART MONEY - GOOD MONEY Market Runtime | PEPPERSTONE:XAUUSD snapshot captured (live)
2026-04-23T10:42:01-06:00 | SMART MONEY - GOOD MONEY Market Runtime | FOREXCOM:US30 snapshot captured (live)
2026-04-23T10:43:03-06:00 | SMART MONEY - GOOD MONEY Market Runtime | PEPPERSTONE:XAUUSD snapshot captured (live)
2026-04-23T10:43:33-06:00 | SMART MONEY - GOOD MONEY Market Runtime | FOREXCOM:US30 snapshot captured (live)
2026-04-23T10:44:23-06:00 | SMART MONEY - GOOD MONEY Market Runtime | PEPPERSTONE:XAUUSD snapshot captured (live)
2026-04-23T10:44:41-06:00 | SMART MONEY - GOOD MONEY Market Runtime | FOREXCOM:US30 snapshot captured (live)
2026-04-23T10:45:31-06:00 | SMART MONEY - GOOD MONEY Market Runtime | PEPPERSTONE:XAUUSD snapshot captured (live)
2026-04-23T10:45:50-06:00 | SMART MONEY - GOOD MONEY Market Runtime | FOREXCOM:US30 snapshot captured (live)
2026-04-23T10:46:40-06:00 | SMART MONEY - GOOD MONEY Market Runtime | PEPPERSTONE:XAUUSD snapshot captured (live)
2026-04-23T10:46:59-06:00 | SMART MONEY - GOOD MONEY Market Runtime | FOREXCOM:US30 snapshot captured (live)
2026-04-23T10:47:49-06:00 | SMART MONEY - GOOD MONEY Market Runtime | PEPPERSTONE:XAUUSD snapshot captured (live)
2026-04-23T10:48:08-06:00 | SMART MONEY - GOOD MONEY Market Runtime | FOREXCOM:US30 snapshot captured (live)
2026-04-23T10:49:13-06:00 | SMART MONEY - GOOD MONEY Market Runtime | PEPPERSTONE:XAUUSD snapshot captured (live)
2026-04-23T10:49:48-06:00 | SMART MONEY - GOOD MONEY Market Runtime | FOREXCOM:US30 snapshot captured (live)
2026-04-23T10:50:40-06:00 | SMART MONEY - GOOD MONEY Market Runtime | PEPPERSTONE:XAUUSD snapshot captured (live)
2026-04-23T10:51:01-06:00 | SMART MONEY - GOOD MONEY Market Runtime | FOREXCOM:US30 snapshot captured (live)
2026-04-23T10:52:01-06:00 | SMART MONEY - GOOD MONEY Market Runtime | PEPPERSTONE:XAUUSD snapshot captured (live)
2026-04-23T10:52:19-06:00 | SMART MONEY - GOOD MONEY Market Runtime | FOREXCOM:US30 snapshot captured (live)
2026-04-23T10:53:09-06:00 | SMART MONEY - GOOD MONEY Market Runtime | PEPPERSTONE:XAUUSD snapshot captured (live)
2026-04-23T10:53:27-06:00 | SMART MONEY - GOOD MONEY Market Runtime | FOREXCOM:US30 snapshot captured (live)
2026-04-23T10:54:29-06:00 | SMART MONEY - GOOD MONEY Market Runtime | PEPPERSTONE:XAUUSD snapshot captured (live)
2026-04-23T10:54:58-06:00 | SMART MONEY - GOOD MONEY Market Runtime | FOREXCOM:US30 snapshot captured (live)
2026-04-23T10:55:48-06:00 | SMART MONEY - GOOD MONEY Market Runtime | PEPPERSTONE:XAUUSD snapshot captured (live)
2026-04-23T10:56:07-06:00 | SMART MONEY - GOOD MONEY Market Runtime | FOREXCOM:US30 snapshot captured (live)
2026-04-23T10:56:58-06:00 | SMART MONEY - GOOD MONEY Market Runtime | PEPPERSTONE:XAUUSD snapshot captured (live)
2026-04-23T10:57:20-06:00 | SMART MONEY - GOOD MONEY Market Runtime | FOREXCOM:US30 snapshot captured (live)
2026-04-23T10:58:11-06:00 | SMART MONEY - GOOD MONEY Market Runtime | PEPPERSTONE:XAUUSD snapshot captured (live)
2026-04-23T10:58:30-06:00 | SMART MONEY - GOOD MONEY Market Runtime | FOREXCOM:US30 snapshot captured (live)
2026-04-23T10:59:33-06:00 | SMART MONEY - GOOD MONEY Market Runtime | PEPPERSTONE:XAUUSD snapshot captured (live)
2026-04-23T11:00:02-06:00 | SMART MONEY - GOOD MONEY Market Runtime | FOREXCOM:US30 snapshot captured (live)
2026-04-23T11:00:53-06:00 | SMART MONEY - GOOD MONEY Market Runtime | PEPPERSTONE:XAUUSD snapshot captured (live)
2026-04-23T11:01:13-06:00 | SMART MONEY - GOOD MONEY Market Runtime | FOREXCOM:US30 snapshot captured (live)
2026-04-23T11:02:04-06:00 | SMART MONEY - GOOD MONEY Market Runtime | PEPPERSTONE:XAUUSD snapshot captured (live)
2026-04-23T11:02:25-06:00 | SMART MONEY - GOOD MONEY Market Runtime | FOREXCOM:US30 snapshot captured (live)
2026-04-23T11:03:18-06:00 | SMART MONEY - GOOD MONEY Market Runtime | PEPPERSTONE:XAUUSD snapshot captured (live)
2026-04-23T11:03:39-06:00 | SMART MONEY - GOOD MONEY Market Runtime | FOREXCOM:US30 snapshot captured (live)
2026-04-23T11:04:45-06:00 | SMART MONEY - GOOD MONEY Market Runtime | PEPPERSTONE:XAUUSD snapshot captured (live)
2026-04-23T11:05:20-06:00 | SMART MONEY - GOOD MONEY Market Runtime | FOREXCOM:US30 snapshot captured (live)
2026-04-23T11:06:13-06:00 | SMART MONEY - GOOD MONEY Market Runtime | PEPPERSTONE:XAUUSD snapshot captured (live)
2026-04-23T11:06:32-06:00 | SMART MONEY - GOOD MONEY Market Runtime | FOREXCOM:US30 snapshot captured (live)
2026-04-23T11:07:24-06:00 | SMART MONEY - GOOD MONEY Market Runtime | PEPPERSTONE:XAUUSD snapshot captured (live)
2026-04-23T11:07:44-06:00 | SMART MONEY - GOOD MONEY Market Runtime | FOREXCOM:US30 snapshot captured (live)
2026-04-23T11:08:39-06:00 | SMART MONEY - GOOD MONEY Market Runtime | PEPPERSTONE:XAUUSD snapshot captured (live)
2026-04-23T11:08:59-06:00 | SMART MONEY - GOOD MONEY Market Runtime | FOREXCOM:US30 snapshot captured (live)
2026-04-23T11:10:05-06:00 | SMART MONEY - GOOD MONEY Market Runtime | PEPPERSTONE:XAUUSD snapshot captured (live)
2026-04-23T11:10:37-06:00 | SMART MONEY - GOOD MONEY Market Runtime | FOREXCOM:US30 snapshot captured (live)
2026-04-23T11:11:28-06:00 | SMART MONEY - GOOD MONEY Market Runtime | PEPPERSTONE:XAUUSD snapshot captured (live)
2026-04-23T11:11:48-06:00 | SMART MONEY - GOOD MONEY Market Runtime | FOREXCOM:US30 snapshot captured (live)
2026-04-23T11:12:42-06:00 | SMART MONEY - GOOD MONEY Market Runtime | PEPPERSTONE:XAUUSD snapshot captured (live)
2026-04-23T11:13:02-06:00 | SMART MONEY - GOOD MONEY Market Runtime | FOREXCOM:US30 snapshot captured (live)
2026-04-23T11:13:11-06:00 | SMART MONEY - GOOD MONEY Market Runtime | snapshotter started
2026-04-23T11:13:53-06:00 | SMART MONEY - GOOD MONEY Market Runtime | PEPPERSTONE:XAUUSD snapshot captured (live)
2026-04-23T11:14:12-06:00 | SMART MONEY - GOOD MONEY Market Runtime | FOREXCOM:US30 snapshot captured (live)
2026-04-23T11:14:55-06:00 | SMART MONEY - GOOD MONEY Market Runtime | PEPPERSTONE:XAUUSD snapshot captured (live)
2026-04-23T11:15:16-06:00 | SMART MONEY - GOOD MONEY Market Runtime | FOREXCOM:US30 snapshot captured (live)
2026-04-23T11:16:20-06:00 | SMART MONEY - GOOD MONEY Market Runtime | PEPPERSTONE:XAUUSD snapshot captured (live)
2026-04-23T11:16:55-06:00 | SMART MONEY - GOOD MONEY Market Runtime | FOREXCOM:US30 snapshot captured (live)
2026-04-23T11:17:47-06:00 | SMART MONEY - GOOD MONEY Market Runtime | PEPPERSTONE:XAUUSD snapshot captured (live)
2026-04-23T11:18:07-06:00 | SMART MONEY - GOOD MONEY Market Runtime | FOREXCOM:US30 snapshot captured (live)
2026-04-23T11:18:58-06:00 | SMART MONEY - GOOD MONEY Market Runtime | PEPPERSTONE:XAUUSD snapshot captured (live)
2026-04-23T11:19:16-06:00 | SMART MONEY - GOOD MONEY Market Runtime | FOREXCOM:US30 snapshot captured (live)
2026-04-23T11:20:09-06:00 | SMART MONEY - GOOD MONEY Market Runtime | PEPPERSTONE:XAUUSD snapshot captured (live)
2026-04-23T11:20:27-06:00 | SMART MONEY - GOOD MONEY Market Runtime | FOREXCOM:US30 snapshot captured (live)
2026-04-23T11:21:31-06:00 | SMART MONEY - GOOD MONEY Market Runtime | PEPPERSTONE:XAUUSD snapshot captured (live)
2026-04-23T11:22:00-06:00 | SMART MONEY - GOOD MONEY Market Runtime | FOREXCOM:US30 snapshot captured (live)
2026-04-23T11:22:52-06:00 | SMART MONEY - GOOD MONEY Market Runtime | PEPPERSTONE:XAUUSD snapshot captured (live)
2026-04-23T11:23:11-06:00 | SMART MONEY - GOOD MONEY Market Runtime | FOREXCOM:US30 snapshot captured (live)
2026-04-23T11:24:04-06:00 | SMART MONEY - GOOD MONEY Market Runtime | PEPPERSTONE:XAUUSD snapshot captured (live)
2026-04-23T11:24:22-06:00 | SMART MONEY - GOOD MONEY Market Runtime | FOREXCOM:US30 snapshot captured (live)
2026-04-23T11:25:14-06:00 | SMART MONEY - GOOD MONEY Market Runtime | PEPPERSTONE:XAUUSD snapshot captured (live)
2026-04-23T11:25:33-06:00 | SMART MONEY - GOOD MONEY Market Runtime | FOREXCOM:US30 snapshot captured (live)
2026-04-23T11:26:27-06:00 | SMART MONEY - GOOD MONEY Market Runtime | PEPPERSTONE:XAUUSD snapshot captured (live)
2026-04-23T11:27:19-06:00 | SMART MONEY - GOOD MONEY Market Runtime | FOREXCOM:US30 snapshot captured (live)
2026-04-23T11:27:49-06:00 | SMART MONEY - GOOD MONEY Market Runtime | PEPPERSTONE:XAUUSD snapshot captured (live)
2026-04-23T11:28:32-06:00 | SMART MONEY - GOOD MONEY Market Runtime | FOREXCOM:US30 snapshot captured (live)
2026-04-23T11:29:05-06:00 | SMART MONEY - GOOD MONEY Market Runtime | PEPPERSTONE:XAUUSD snapshot captured (live)
2026-04-23T11:29:48-06:00 | SMART MONEY - GOOD MONEY Market Runtime | FOREXCOM:US30 snapshot captured (live)
2026-04-23T11:30:18-06:00 | SMART MONEY - GOOD MONEY Market Runtime | PEPPERSTONE:XAUUSD snapshot captured (live)
2026-04-23T11:31:00-06:00 | SMART MONEY - GOOD MONEY Market Runtime | FOREXCOM:US30 snapshot captured (live)
2026-04-23T11:31:39-06:00 | SMART MONEY - GOOD MONEY Market Runtime | PEPPERSTONE:XAUUSD snapshot captured (live)
2026-04-23T11:32:30-06:00 | SMART MONEY - GOOD MONEY Market Runtime | FOREXCOM:US30 snapshot captured (live)
2026-04-23T11:32:59-06:00 | SMART MONEY - GOOD MONEY Market Runtime | PEPPERSTONE:XAUUSD snapshot captured (live)
2026-04-23T11:33:39-06:00 | SMART MONEY - GOOD MONEY Market Runtime | FOREXCOM:US30 snapshot captured (live)
2026-04-23T11:34:08-06:00 | SMART MONEY - GOOD MONEY Market Runtime | PEPPERSTONE:XAUUSD snapshot captured (live)
2026-04-23T11:34:48-06:00 | SMART MONEY - GOOD MONEY Market Runtime | FOREXCOM:US30 snapshot captured (live)
2026-04-23T11:35:16-06:00 | SMART MONEY - GOOD MONEY Market Runtime | PEPPERSTONE:XAUUSD snapshot captured (live)
2026-04-23T11:35:57-06:00 | SMART MONEY - GOOD MONEY Market Runtime | FOREXCOM:US30 snapshot captured (live)
2026-04-23T11:36:25-06:00 | SMART MONEY - GOOD MONEY Market Runtime | PEPPERSTONE:XAUUSD snapshot captured (live)
2026-04-23T11:37:06-06:00 | SMART MONEY - GOOD MONEY Market Runtime | FOREXCOM:US30 snapshot captured (live)
2026-04-23T11:37:47-06:00 | SMART MONEY - GOOD MONEY Market Runtime | PEPPERSTONE:XAUUSD snapshot captured (live)
2026-04-23T11:38:39-06:00 | SMART MONEY - GOOD MONEY Market Runtime | FOREXCOM:US30 snapshot captured (live)
2026-04-23T11:39:09-06:00 | SMART MONEY - GOOD MONEY Market Runtime | PEPPERSTONE:XAUUSD snapshot captured (live)
2026-04-23T11:39:52-06:00 | SMART MONEY - GOOD MONEY Market Runtime | FOREXCOM:US30 snapshot captured (live)
2026-04-23T11:40:22-06:00 | SMART MONEY - GOOD MONEY Market Runtime | PEPPERSTONE:XAUUSD snapshot captured (live)
2026-04-23T11:41:04-06:00 | SMART MONEY - GOOD MONEY Market Runtime | FOREXCOM:US30 snapshot captured (live)
2026-04-23T11:41:35-06:00 | SMART MONEY - GOOD MONEY Market Runtime | PEPPERSTONE:XAUUSD snapshot captured (live)
2026-04-23T11:42:17-06:00 | SMART MONEY - GOOD MONEY Market Runtime | FOREXCOM:US30 snapshot captured (live)
2026-04-23T11:43:03-06:00 | SMART MONEY - GOOD MONEY Market Runtime | PEPPERSTONE:XAUUSD snapshot captured (live)
2026-04-23T11:43:57-06:00 | SMART MONEY - GOOD MONEY Market Runtime | FOREXCOM:US30 snapshot captured (live)
2026-04-23T11:44:27-06:00 | SMART MONEY - GOOD MONEY Market Runtime | PEPPERSTONE:XAUUSD snapshot captured (live)
2026-04-23T11:45:08-06:00 | SMART MONEY - GOOD MONEY Market Runtime | FOREXCOM:US30 snapshot captured (live)
2026-04-23T11:45:36-06:00 | SMART MONEY - GOOD MONEY Market Runtime | PEPPERSTONE:XAUUSD snapshot captured (live)
2026-04-23T11:46:17-06:00 | SMART MONEY - GOOD MONEY Market Runtime | FOREXCOM:US30 snapshot captured (live)
2026-04-23T11:46:45-06:00 | SMART MONEY - GOOD MONEY Market Runtime | PEPPERSTONE:XAUUSD snapshot captured (live)
2026-04-23T11:47:26-06:00 | SMART MONEY - GOOD MONEY Market Runtime | FOREXCOM:US30 snapshot captured (live)
2026-04-23T11:48:06-06:00 | SMART MONEY - GOOD MONEY Market Runtime | PEPPERSTONE:XAUUSD snapshot captured (live)
2026-04-23T11:48:46-06:00 | SMART MONEY - GOOD MONEY Market Runtime | FOREXCOM:US30 snapshot captured (live)
2026-04-23T11:49:15-06:00 | SMART MONEY - GOOD MONEY Market Runtime | PEPPERSTONE:XAUUSD snapshot captured (live)
2026-04-23T11:50:05-06:00 | SMART MONEY - GOOD MONEY Market Runtime | FOREXCOM:US30 snapshot captured (live)
2026-04-23T11:50:34-06:00 | SMART MONEY - GOOD MONEY Market Runtime | PEPPERSTONE:XAUUSD snapshot captured (live)
2026-04-23T11:51:14-06:00 | SMART MONEY - GOOD MONEY Market Runtime | FOREXCOM:US30 snapshot captured (live)
2026-04-23T11:51:43-06:00 | SMART MONEY - GOOD MONEY Market Runtime | PEPPERSTONE:XAUUSD snapshot captured (live)
2026-04-23T11:52:23-06:00 | SMART MONEY - GOOD MONEY Market Runtime | FOREXCOM:US30 snapshot captured (live)
2026-04-23T11:52:52-06:00 | SMART MONEY - GOOD MONEY Market Runtime | PEPPERSTONE:XAUUSD snapshot captured (live)
2026-04-23T11:53:32-06:00 | SMART MONEY - GOOD MONEY Market Runtime | FOREXCOM:US30 snapshot captured (live)
2026-04-23T11:54:14-06:00 | SMART MONEY - GOOD MONEY Market Runtime | PEPPERSTONE:XAUUSD snapshot captured (live)
2026-04-23T11:54:57-06:00 | SMART MONEY - GOOD MONEY Market Runtime | FOREXCOM:US30 snapshot captured (live)
2026-04-23T11:55:31-06:00 | SMART MONEY - GOOD MONEY Market Runtime | PEPPERSTONE:XAUUSD snapshot captured (live)
2026-04-23T11:56:25-06:00 | SMART MONEY - GOOD MONEY Market Runtime | FOREXCOM:US30 snapshot captured (live)
2026-04-23T11:56:58-06:00 | SMART MONEY - GOOD MONEY Market Runtime | PEPPERSTONE:XAUUSD snapshot captured (live)
2026-04-23T11:57:45-06:00 | SMART MONEY - GOOD MONEY Market Runtime | FOREXCOM:US30 snapshot captured (live)
2026-04-23T11:58:16-06:00 | SMART MONEY - GOOD MONEY Market Runtime | PEPPERSTONE:XAUUSD snapshot captured (live)
2026-04-23T11:59:01-06:00 | SMART MONEY - GOOD MONEY Market Runtime | FOREXCOM:US30 snapshot captured (live)
2026-04-23T11:59:42-06:00 | SMART MONEY - GOOD MONEY Market Runtime | PEPPERSTONE:XAUUSD snapshot captured (live)
2026-04-23T12:00:23-06:00 | SMART MONEY - GOOD MONEY Market Runtime | FOREXCOM:US30 snapshot captured (live)
2026-04-23T12:00:53-06:00 | SMART MONEY - GOOD MONEY Market Runtime | PEPPERSTONE:XAUUSD snapshot captured (live)
2026-04-23T12:01:44-06:00 | SMART MONEY - GOOD MONEY Market Runtime | FOREXCOM:US30 snapshot captured (live)
2026-04-23T12:02:13-06:00 | SMART MONEY - GOOD MONEY Market Runtime | PEPPERSTONE:XAUUSD snapshot captured (live)
2026-04-23T12:02:54-06:00 | SMART MONEY - GOOD MONEY Market Runtime | FOREXCOM:US30 snapshot captured (live)
2026-04-23T12:03:23-06:00 | SMART MONEY - GOOD MONEY Market Runtime | PEPPERSTONE:XAUUSD snapshot captured (live)
2026-04-23T12:04:03-06:00 | SMART MONEY - GOOD MONEY Market Runtime | FOREXCOM:US30 snapshot captured (live)
2026-04-23T12:04:32-06:00 | SMART MONEY - GOOD MONEY Market Runtime | PEPPERSTONE:XAUUSD snapshot captured (live)
2026-04-23T12:05:13-06:00 | SMART MONEY - GOOD MONEY Market Runtime | FOREXCOM:US30 snapshot captured (live)
2026-04-23T12:05:56-06:00 | SMART MONEY - GOOD MONEY Market Runtime | PEPPERSTONE:XAUUSD snapshot captured (live)
2026-04-23T12:06:49-06:00 | SMART MONEY - GOOD MONEY Market Runtime | FOREXCOM:US30 snapshot captured (live)
2026-04-23T12:07:21-06:00 | SMART MONEY - GOOD MONEY Market Runtime | PEPPERSTONE:XAUUSD snapshot captured (live)
2026-04-23T12:08:04-06:00 | SMART MONEY - GOOD MONEY Market Runtime | FOREXCOM:US30 snapshot captured (live)
2026-04-23T12:08:35-06:00 | SMART MONEY - GOOD MONEY Market Runtime | PEPPERSTONE:XAUUSD snapshot captured (live)
2026-04-23T12:09:18-06:00 | SMART MONEY - GOOD MONEY Market Runtime | FOREXCOM:US30 snapshot captured (live)
2026-04-23T12:09:48-06:00 | SMART MONEY - GOOD MONEY Market Runtime | PEPPERSTONE:XAUUSD snapshot captured (live)
2026-04-23T12:10:31-06:00 | SMART MONEY - GOOD MONEY Market Runtime | FOREXCOM:US30 snapshot captured (live)
2026-04-23T12:11:13-06:00 | SMART MONEY - GOOD MONEY Market Runtime | PEPPERSTONE:XAUUSD snapshot captured (live)
2026-04-23T12:12:07-06:00 | SMART MONEY - GOOD MONEY Market Runtime | FOREXCOM:US30 snapshot captured (live)
2026-04-23T12:12:38-06:00 | SMART MONEY - GOOD MONEY Market Runtime | PEPPERSTONE:XAUUSD snapshot captured (live)
2026-04-23T12:13:21-06:00 | SMART MONEY - GOOD MONEY Market Runtime | FOREXCOM:US30 snapshot captured (live)
2026-04-23T12:13:52-06:00 | SMART MONEY - GOOD MONEY Market Runtime | PEPPERSTONE:XAUUSD snapshot captured (live)
2026-04-23T12:14:34-06:00 | SMART MONEY - GOOD MONEY Market Runtime | FOREXCOM:US30 snapshot captured (live)
2026-04-23T12:15:05-06:00 | SMART MONEY - GOOD MONEY Market Runtime | PEPPERSTONE:XAUUSD snapshot captured (live)
2026-04-23T12:15:47-06:00 | SMART MONEY - GOOD MONEY Market Runtime | FOREXCOM:US30 snapshot captured (live)
2026-04-23T12:16:29-06:00 | SMART MONEY - GOOD MONEY Market Runtime | PEPPERSTONE:XAUUSD snapshot captured (live)
2026-04-23T12:17:26-06:00 | SMART MONEY - GOOD MONEY Market Runtime | FOREXCOM:US30 snapshot captured (live)
2026-04-23T12:17:57-06:00 | SMART MONEY - GOOD MONEY Market Runtime | PEPPERSTONE:XAUUSD snapshot captured (live)
2026-04-23T12:18:39-06:00 | SMART MONEY - GOOD MONEY Market Runtime | FOREXCOM:US30 snapshot captured (live)
2026-04-23T12:19:10-06:00 | SMART MONEY - GOOD MONEY Market Runtime | PEPPERSTONE:XAUUSD snapshot captured (live)
2026-04-23T12:19:53-06:00 | SMART MONEY - GOOD MONEY Market Runtime | FOREXCOM:US30 snapshot captured (live)
2026-04-23T12:20:23-06:00 | SMART MONEY - GOOD MONEY Market Runtime | PEPPERSTONE:XAUUSD snapshot captured (live)
2026-04-23T12:21:06-06:00 | SMART MONEY - GOOD MONEY Market Runtime | FOREXCOM:US30 snapshot captured (live)
2026-04-23T12:21:49-06:00 | SMART MONEY - GOOD MONEY Market Runtime | PEPPERSTONE:XAUUSD snapshot captured (live)
2026-04-23T12:22:44-06:00 | SMART MONEY - GOOD MONEY Market Runtime | FOREXCOM:US30 snapshot captured (live)
2026-04-23T12:23:14-06:00 | SMART MONEY - GOOD MONEY Market Runtime | PEPPERSTONE:XAUUSD snapshot captured (live)
2026-04-23T12:23:55-06:00 | SMART MONEY - GOOD MONEY Market Runtime | FOREXCOM:US30 snapshot captured (live)
2026-04-23T12:24:24-06:00 | SMART MONEY - GOOD MONEY Market Runtime | PEPPERSTONE:XAUUSD snapshot captured (live)
2026-04-23T12:25:04-06:00 | SMART MONEY - GOOD MONEY Market Runtime | FOREXCOM:US30 snapshot captured (live)
2026-04-23T12:25:33-06:00 | SMART MONEY - GOOD MONEY Market Runtime | PEPPERSTONE:XAUUSD snapshot captured (live)
2026-04-23T12:26:14-06:00 | SMART MONEY - GOOD MONEY Market Runtime | FOREXCOM:US30 snapshot captured (live)
2026-04-23T12:26:54-06:00 | SMART MONEY - GOOD MONEY Market Runtime | PEPPERSTONE:XAUUSD snapshot captured (live)
2026-04-23T12:27:38-06:00 | SMART MONEY - GOOD MONEY Market Runtime | FOREXCOM:US30 snapshot captured (live)
2026-04-23T12:28:07-06:00 | SMART MONEY - GOOD MONEY Market Runtime | PEPPERSTONE:XAUUSD snapshot captured (live)
2026-04-23T12:28:55-06:00 | SMART MONEY - GOOD MONEY Market Runtime | FOREXCOM:US30 snapshot captured (live)
2026-04-23T12:29:24-06:00 | SMART MONEY - GOOD MONEY Market Runtime | PEPPERSTONE:XAUUSD snapshot captured (live)
2026-04-23T12:30:04-06:00 | SMART MONEY - GOOD MONEY Market Runtime | FOREXCOM:US30 snapshot captured (live)
2026-04-23T12:30:33-06:00 | SMART MONEY - GOOD MONEY Market Runtime | PEPPERSTONE:XAUUSD snapshot captured (live)
2026-04-23T12:31:13-06:00 | SMART MONEY - GOOD MONEY Market Runtime | FOREXCOM:US30 snapshot captured (live)
2026-04-23T12:31:42-06:00 | SMART MONEY - GOOD MONEY Market Runtime | PEPPERSTONE:XAUUSD snapshot captured (live)
2026-04-23T12:32:22-06:00 | SMART MONEY - GOOD MONEY Market Runtime | FOREXCOM:US30 snapshot captured (live)
2026-04-23T12:33:03-06:00 | SMART MONEY - GOOD MONEY Market Runtime | PEPPERSTONE:XAUUSD snapshot captured (live)
2026-04-23T12:33:47-06:00 | SMART MONEY - GOOD MONEY Market Runtime | FOREXCOM:US30 snapshot captured (live)
2026-04-23T12:34:16-06:00 | SMART MONEY - GOOD MONEY Market Runtime | PEPPERSTONE:XAUUSD snapshot captured (live)
2026-04-23T12:35:04-06:00 | SMART MONEY - GOOD MONEY Market Runtime | FOREXCOM:US30 snapshot captured (live)
2026-04-23T12:35:32-06:00 | SMART MONEY - GOOD MONEY Market Runtime | PEPPERSTONE:XAUUSD snapshot captured (live)
2026-04-23T12:36:13-06:00 | SMART MONEY - GOOD MONEY Market Runtime | FOREXCOM:US30 snapshot captured (live)
2026-04-23T12:36:41-06:00 | SMART MONEY - GOOD MONEY Market Runtime | PEPPERSTONE:XAUUSD snapshot captured (live)
2026-04-23T12:37:22-06:00 | SMART MONEY - GOOD MONEY Market Runtime | FOREXCOM:US30 snapshot captured (live)
2026-04-23T12:37:50-06:00 | SMART MONEY - GOOD MONEY Market Runtime | PEPPERSTONE:XAUUSD snapshot captured (live)
2026-04-23T12:38:31-06:00 | SMART MONEY - GOOD MONEY Market Runtime | FOREXCOM:US30 snapshot captured (live)
2026-04-23T12:39:10-06:00 | SMART MONEY - GOOD MONEY Market Runtime | PEPPERSTONE:XAUUSD snapshot captured (live)
2026-04-23T12:39:55-06:00 | SMART MONEY - GOOD MONEY Market Runtime | FOREXCOM:US30 snapshot captured (live)
2026-04-23T12:40:24-06:00 | SMART MONEY - GOOD MONEY Market Runtime | PEPPERSTONE:XAUUSD snapshot captured (live)
2026-04-23T12:41:13-06:00 | SMART MONEY - GOOD MONEY Market Runtime | FOREXCOM:US30 snapshot captured (live)
2026-04-23T12:41:41-06:00 | SMART MONEY - GOOD MONEY Market Runtime | PEPPERSTONE:XAUUSD snapshot captured (live)
2026-04-23T12:42:22-06:00 | SMART MONEY - GOOD MONEY Market Runtime | FOREXCOM:US30 snapshot captured (live)
2026-04-23T12:42:52-06:00 | SMART MONEY - GOOD MONEY Market Runtime | PEPPERSTONE:XAUUSD snapshot captured (live)
2026-04-23T12:43:32-06:00 | SMART MONEY - GOOD MONEY Market Runtime | FOREXCOM:US30 snapshot captured (live)
2026-04-23T12:44:02-06:00 | SMART MONEY - GOOD MONEY Market Runtime | PEPPERSTONE:XAUUSD snapshot captured (live)
2026-04-23T12:44:44-06:00 | SMART MONEY - GOOD MONEY Market Runtime | FOREXCOM:US30 snapshot captured (live)
2026-04-23T12:45:26-06:00 | SMART MONEY - GOOD MONEY Market Runtime | PEPPERSTONE:XAUUSD snapshot captured (live)
2026-04-23T12:46:21-06:00 | SMART MONEY - GOOD MONEY Market Runtime | FOREXCOM:US30 snapshot captured (live)
2026-04-23T12:46:51-06:00 | SMART MONEY - GOOD MONEY Market Runtime | PEPPERSTONE:XAUUSD snapshot captured (live)
2026-04-23T12:47:32-06:00 | SMART MONEY - GOOD MONEY Market Runtime | FOREXCOM:US30 snapshot captured (live)
2026-04-23T12:48:01-06:00 | SMART MONEY - GOOD MONEY Market Runtime | PEPPERSTONE:XAUUSD snapshot captured (live)
2026-04-23T12:48:43-06:00 | SMART MONEY - GOOD MONEY Market Runtime | FOREXCOM:US30 snapshot captured (live)
2026-04-23T12:49:15-06:00 | SMART MONEY - GOOD MONEY Market Runtime | PEPPERSTONE:XAUUSD snapshot captured (live)
2026-04-23T12:49:56-06:00 | SMART MONEY - GOOD MONEY Market Runtime | FOREXCOM:US30 snapshot captured (live)
2026-04-23T12:50:35-06:00 | SMART MONEY - GOOD MONEY Market Runtime | PEPPERSTONE:XAUUSD snapshot captured (live)
2026-04-23T12:51:28-06:00 | SMART MONEY - GOOD MONEY Market Runtime | FOREXCOM:US30 snapshot captured (live)
2026-04-23T12:51:57-06:00 | SMART MONEY - GOOD MONEY Market Runtime | PEPPERSTONE:XAUUSD snapshot captured (live)
2026-04-23T12:52:38-06:00 | SMART MONEY - GOOD MONEY Market Runtime | FOREXCOM:US30 snapshot captured (live)
2026-04-23T12:53:07-06:00 | SMART MONEY - GOOD MONEY Market Runtime | PEPPERSTONE:XAUUSD snapshot captured (live)
2026-04-23T12:53:50-06:00 | SMART MONEY - GOOD MONEY Market Runtime | FOREXCOM:US30 snapshot captured (live)
2026-04-23T12:54:20-06:00 | SMART MONEY - GOOD MONEY Market Runtime | PEPPERSTONE:XAUUSD snapshot captured (live)
2026-04-23T12:55:01-06:00 | SMART MONEY - GOOD MONEY Market Runtime | FOREXCOM:US30 snapshot captured (live)
2026-04-23T12:55:43-06:00 | SMART MONEY - GOOD MONEY Market Runtime | PEPPERSTONE:XAUUSD snapshot captured (live)
2026-04-23T12:56:36-06:00 | SMART MONEY - GOOD MONEY Market Runtime | FOREXCOM:US30 snapshot captured (live)
2026-04-23T12:57:05-06:00 | SMART MONEY - GOOD MONEY Market Runtime | PEPPERSTONE:XAUUSD snapshot captured (live)
2026-04-23T12:57:46-06:00 | SMART MONEY - GOOD MONEY Market Runtime | FOREXCOM:US30 snapshot captured (live)
2026-04-23T12:58:16-06:00 | SMART MONEY - GOOD MONEY Market Runtime | PEPPERSTONE:XAUUSD snapshot captured (live)
2026-04-23T12:58:58-06:00 | SMART MONEY - GOOD MONEY Market Runtime | FOREXCOM:US30 snapshot captured (live)
2026-04-23T12:59:28-06:00 | SMART MONEY - GOOD MONEY Market Runtime | PEPPERSTONE:XAUUSD snapshot captured (live)
2026-04-23T13:00:12-06:00 | SMART MONEY - GOOD MONEY Market Runtime | FOREXCOM:US30 snapshot captured (live)
2026-04-23T13:00:53-06:00 | SMART MONEY - GOOD MONEY Market Runtime | PEPPERSTONE:XAUUSD snapshot captured (live)
2026-04-23T13:01:44-06:00 | SMART MONEY - GOOD MONEY Market Runtime | FOREXCOM:US30 snapshot captured (live)
2026-04-23T13:02:14-06:00 | SMART MONEY - GOOD MONEY Market Runtime | PEPPERSTONE:XAUUSD snapshot captured (live)
2026-04-23T13:02:55-06:00 | SMART MONEY - GOOD MONEY Market Runtime | FOREXCOM:US30 snapshot captured (live)
2026-04-23T13:03:24-06:00 | SMART MONEY - GOOD MONEY Market Runtime | PEPPERSTONE:XAUUSD snapshot captured (live)
2026-04-23T13:04:06-06:00 | SMART MONEY - GOOD MONEY Market Runtime | FOREXCOM:US30 snapshot captured (live)
2026-04-23T13:04:38-06:00 | SMART MONEY - GOOD MONEY Market Runtime | PEPPERSTONE:XAUUSD snapshot captured (live)
2026-04-23T13:05:23-06:00 | SMART MONEY - GOOD MONEY Market Runtime | FOREXCOM:US30 snapshot captured (live)
2026-04-23T13:06:05-06:00 | SMART MONEY - GOOD MONEY Market Runtime | PEPPERSTONE:XAUUSD snapshot captured (live)
2026-04-23T13:07:00-06:00 | SMART MONEY - GOOD MONEY Market Runtime | FOREXCOM:US30 snapshot captured (live)
2026-04-23T13:07:31-06:00 | SMART MONEY - GOOD MONEY Market Runtime | PEPPERSTONE:XAUUSD snapshot captured (live)
2026-04-23T13:08:15-06:00 | SMART MONEY - GOOD MONEY Market Runtime | FOREXCOM:US30 snapshot captured (live)
2026-04-23T13:08:49-06:00 | SMART MONEY - GOOD MONEY Market Runtime | PEPPERSTONE:XAUUSD snapshot captured (live)
2026-04-23T13:09:32-06:00 | SMART MONEY - GOOD MONEY Market Runtime | FOREXCOM:US30 snapshot captured (live)
2026-04-23T13:10:02-06:00 | SMART MONEY - GOOD MONEY Market Runtime | PEPPERSTONE:XAUUSD snapshot captured (live)
2026-04-23T13:10:43-06:00 | SMART MONEY - GOOD MONEY Market Runtime | FOREXCOM:US30 snapshot captured (live)
2026-04-23T13:11:24-06:00 | SMART MONEY - GOOD MONEY Market Runtime | PEPPERSTONE:XAUUSD snapshot captured (live)
2026-04-23T13:12:18-06:00 | SMART MONEY - GOOD MONEY Market Runtime | FOREXCOM:US30 snapshot captured (live)
2026-04-23T13:12:46-06:00 | SMART MONEY - GOOD MONEY Market Runtime | PEPPERSTONE:XAUUSD snapshot captured (live)
2026-04-23T13:13:27-06:00 | SMART MONEY - GOOD MONEY Market Runtime | FOREXCOM:US30 snapshot captured (live)
2026-04-23T13:13:57-06:00 | SMART MONEY - GOOD MONEY Market Runtime | PEPPERSTONE:XAUUSD snapshot captured (live)
2026-04-23T13:14:38-06:00 | SMART MONEY - GOOD MONEY Market Runtime | FOREXCOM:US30 snapshot captured (live)
2026-04-23T13:15:07-06:00 | SMART MONEY - GOOD MONEY Market Runtime | PEPPERSTONE:XAUUSD snapshot captured (live)
2026-04-23T13:15:47-06:00 | SMART MONEY - GOOD MONEY Market Runtime | FOREXCOM:US30 snapshot captured (live)
2026-04-23T13:16:16-06:00 | SMART MONEY - GOOD MONEY Market Runtime | PEPPERSTONE:XAUUSD snapshot captured (live)
2026-04-23T13:16:57-06:00 | SMART MONEY - GOOD MONEY Market Runtime | FOREXCOM:US30 snapshot captured (live)
2026-04-23T13:17:36-06:00 | SMART MONEY - GOOD MONEY Market Runtime | PEPPERSTONE:XAUUSD snapshot captured (live)
2026-04-23T13:18:27-06:00 | SMART MONEY - GOOD MONEY Market Runtime | FOREXCOM:US30 snapshot captured (live)
2026-04-23T13:18:55-06:00 | SMART MONEY - GOOD MONEY Market Runtime | PEPPERSTONE:XAUUSD snapshot captured (live)
2026-04-23T13:19:36-06:00 | SMART MONEY - GOOD MONEY Market Runtime | FOREXCOM:US30 snapshot captured (live)
2026-04-23T13:20:04-06:00 | SMART MONEY - GOOD MONEY Market Runtime | PEPPERSTONE:XAUUSD snapshot captured (live)
2026-04-23T13:20:45-06:00 | SMART MONEY - GOOD MONEY Market Runtime | FOREXCOM:US30 snapshot captured (live)
2026-04-23T13:21:14-06:00 | SMART MONEY - GOOD MONEY Market Runtime | PEPPERSTONE:XAUUSD snapshot captured (live)
2026-04-23T13:21:54-06:00 | SMART MONEY - GOOD MONEY Market Runtime | FOREXCOM:US30 snapshot captured (live)
2026-04-23T13:22:23-06:00 | SMART MONEY - GOOD MONEY Market Runtime | PEPPERSTONE:XAUUSD snapshot captured (live)
2026-04-23T13:23:03-06:00 | SMART MONEY - GOOD MONEY Market Runtime | FOREXCOM:US30 snapshot captured (live)
2026-04-23T13:23:44-06:00 | SMART MONEY - GOOD MONEY Market Runtime | PEPPERSTONE:XAUUSD snapshot captured (live)
2026-04-23T13:24:35-06:00 | SMART MONEY - GOOD MONEY Market Runtime | FOREXCOM:US30 snapshot captured (live)
2026-04-23T13:25:04-06:00 | SMART MONEY - GOOD MONEY Market Runtime | PEPPERSTONE:XAUUSD snapshot captured (live)
2026-04-23T13:25:44-06:00 | SMART MONEY - GOOD MONEY Market Runtime | FOREXCOM:US30 snapshot captured (live)
2026-04-23T13:26:13-06:00 | SMART MONEY - GOOD MONEY Market Runtime | PEPPERSTONE:XAUUSD snapshot captured (live)
2026-04-23T13:26:53-06:00 | SMART MONEY - GOOD MONEY Market Runtime | FOREXCOM:US30 snapshot captured (live)
2026-04-23T13:27:22-06:00 | SMART MONEY - GOOD MONEY Market Runtime | PEPPERSTONE:XAUUSD snapshot captured (live)
2026-04-23T13:28:02-06:00 | SMART MONEY - GOOD MONEY Market Runtime | FOREXCOM:US30 snapshot captured (live)
2026-04-23T13:28:30-06:00 | SMART MONEY - GOOD MONEY Market Runtime | PEPPERSTONE:XAUUSD snapshot captured (live)
2026-04-23T13:29:11-06:00 | SMART MONEY - GOOD MONEY Market Runtime | FOREXCOM:US30 snapshot captured (live)
2026-04-23T13:29:50-06:00 | SMART MONEY - GOOD MONEY Market Runtime | PEPPERSTONE:XAUUSD snapshot captured (live)
2026-04-23T13:30:42-06:00 | SMART MONEY - GOOD MONEY Market Runtime | FOREXCOM:US30 snapshot captured (live)
2026-04-23T13:31:11-06:00 | SMART MONEY - GOOD MONEY Market Runtime | PEPPERSTONE:XAUUSD snapshot captured (live)
2026-04-23T13:31:52-06:00 | SMART MONEY - GOOD MONEY Market Runtime | FOREXCOM:US30 snapshot captured (live)
2026-04-23T13:32:20-06:00 | SMART MONEY - GOOD MONEY Market Runtime | PEPPERSTONE:XAUUSD snapshot captured (live)
2026-04-23T13:33:01-06:00 | SMART MONEY - GOOD MONEY Market Runtime | FOREXCOM:US30 snapshot captured (live)
2026-04-23T13:33:29-06:00 | SMART MONEY - GOOD MONEY Market Runtime | PEPPERSTONE:XAUUSD snapshot captured (live)
2026-04-23T13:34:09-06:00 | SMART MONEY - GOOD MONEY Market Runtime | FOREXCOM:US30 snapshot captured (live)
2026-04-23T13:34:38-06:00 | SMART MONEY - GOOD MONEY Market Runtime | PEPPERSTONE:XAUUSD snapshot captured (live)
2026-04-23T13:35:18-06:00 | SMART MONEY - GOOD MONEY Market Runtime | FOREXCOM:US30 snapshot captured (live)
2026-04-23T13:35:58-06:00 | SMART MONEY - GOOD MONEY Market Runtime | PEPPERSTONE:XAUUSD snapshot captured (live)
2026-04-23T13:36:49-06:00 | SMART MONEY - GOOD MONEY Market Runtime | FOREXCOM:US30 snapshot captured (live)
2026-04-23T13:37:18-06:00 | SMART MONEY - GOOD MONEY Market Runtime | PEPPERSTONE:XAUUSD snapshot captured (live)
2026-04-23T13:37:58-06:00 | SMART MONEY - GOOD MONEY Market Runtime | FOREXCOM:US30 snapshot captured (live)
2026-04-23T13:38:26-06:00 | SMART MONEY - GOOD MONEY Market Runtime | PEPPERSTONE:XAUUSD snapshot captured (live)
2026-04-23T13:39:07-06:00 | SMART MONEY - GOOD MONEY Market Runtime | FOREXCOM:US30 snapshot captured (live)
2026-04-23T13:39:35-06:00 | SMART MONEY - GOOD MONEY Market Runtime | PEPPERSTONE:XAUUSD snapshot captured (live)
2026-04-23T13:40:16-06:00 | SMART MONEY - GOOD MONEY Market Runtime | FOREXCOM:US30 snapshot captured (live)
2026-04-23T13:40:45-06:00 | SMART MONEY - GOOD MONEY Market Runtime | PEPPERSTONE:XAUUSD snapshot captured (live)
2026-04-23T13:41:25-06:00 | SMART MONEY - GOOD MONEY Market Runtime | FOREXCOM:US30 snapshot captured (live)
2026-04-23T13:42:05-06:00 | SMART MONEY - GOOD MONEY Market Runtime | PEPPERSTONE:XAUUSD snapshot captured (live)
2026-04-23T13:42:57-06:00 | SMART MONEY - GOOD MONEY Market Runtime | FOREXCOM:US30 snapshot captured (live)
2026-04-23T13:43:25-06:00 | SMART MONEY - GOOD MONEY Market Runtime | PEPPERSTONE:XAUUSD snapshot captured (live)
2026-04-23T13:44:06-06:00 | SMART MONEY - GOOD MONEY Market Runtime | FOREXCOM:US30 snapshot captured (live)
2026-04-23T13:44:35-06:00 | SMART MONEY - GOOD MONEY Market Runtime | PEPPERSTONE:XAUUSD snapshot captured (live)
2026-04-23T13:45:15-06:00 | SMART MONEY - GOOD MONEY Market Runtime | FOREXCOM:US30 snapshot captured (live)
2026-04-23T13:45:43-06:00 | SMART MONEY - GOOD MONEY Market Runtime | PEPPERSTONE:XAUUSD snapshot captured (live)
2026-04-23T13:46:24-06:00 | SMART MONEY - GOOD MONEY Market Runtime | FOREXCOM:US30 snapshot captured (live)
2026-04-23T13:46:53-06:00 | SMART MONEY - GOOD MONEY Market Runtime | PEPPERSTONE:XAUUSD snapshot captured (live)
2026-04-23T13:47:33-06:00 | SMART MONEY - GOOD MONEY Market Runtime | FOREXCOM:US30 snapshot captured (live)
2026-04-23T13:48:13-06:00 | SMART MONEY - GOOD MONEY Market Runtime | PEPPERSTONE:XAUUSD snapshot captured (live)
2026-04-23T13:49:05-06:00 | SMART MONEY - GOOD MONEY Market Runtime | FOREXCOM:US30 snapshot captured (live)
2026-04-23T13:49:35-06:00 | SMART MONEY - GOOD MONEY Market Runtime | PEPPERSTONE:XAUUSD snapshot captured (live)
2026-04-23T13:50:15-06:00 | SMART MONEY - GOOD MONEY Market Runtime | FOREXCOM:US30 snapshot captured (live)
2026-04-23T13:50:44-06:00 | SMART MONEY - GOOD MONEY Market Runtime | PEPPERSTONE:XAUUSD snapshot captured (live)
2026-04-23T13:51:25-06:00 | SMART MONEY - GOOD MONEY Market Runtime | FOREXCOM:US30 snapshot captured (live)
2026-04-23T13:51:53-06:00 | SMART MONEY - GOOD MONEY Market Runtime | PEPPERSTONE:XAUUSD snapshot captured (live)
2026-04-23T13:52:33-06:00 | SMART MONEY - GOOD MONEY Market Runtime | FOREXCOM:US30 snapshot captured (live)
2026-04-23T13:53:01-06:00 | SMART MONEY - GOOD MONEY Market Runtime | PEPPERSTONE:XAUUSD snapshot captured (live)
2026-04-23T13:53:42-06:00 | SMART MONEY - GOOD MONEY Market Runtime | FOREXCOM:US30 snapshot captured (live)
2026-04-23T13:54:22-06:00 | SMART MONEY - GOOD MONEY Market Runtime | PEPPERSTONE:XAUUSD snapshot captured (live)
2026-04-23T13:55:14-06:00 | SMART MONEY - GOOD MONEY Market Runtime | FOREXCOM:US30 snapshot captured (live)
2026-04-23T13:55:42-06:00 | SMART MONEY - GOOD MONEY Market Runtime | PEPPERSTONE:XAUUSD snapshot captured (live)
2026-04-23T13:56:23-06:00 | SMART MONEY - GOOD MONEY Market Runtime | FOREXCOM:US30 snapshot captured (live)
2026-04-23T13:56:52-06:00 | SMART MONEY - GOOD MONEY Market Runtime | PEPPERSTONE:XAUUSD snapshot captured (live)
2026-04-23T13:57:32-06:00 | SMART MONEY - GOOD MONEY Market Runtime | FOREXCOM:US30 snapshot captured (live)
2026-04-23T13:58:02-06:00 | SMART MONEY - GOOD MONEY Market Runtime | PEPPERSTONE:XAUUSD snapshot captured (live)
2026-04-23T13:58:42-06:00 | SMART MONEY - GOOD MONEY Market Runtime | FOREXCOM:US30 snapshot captured (live)
2026-04-23T13:59:10-06:00 | SMART MONEY - GOOD MONEY Market Runtime | PEPPERSTONE:XAUUSD snapshot captured (live)
2026-04-23T13:59:52-06:00 | SMART MONEY - GOOD MONEY Market Runtime | FOREXCOM:US30 snapshot captured (live)
2026-04-23T14:00:31-06:00 | SMART MONEY - GOOD MONEY Market Runtime | PEPPERSTONE:XAUUSD snapshot captured (live)
2026-04-23T14:01:23-06:00 | SMART MONEY - GOOD MONEY Market Runtime | FOREXCOM:US30 snapshot captured (live)
2026-04-23T14:01:52-06:00 | SMART MONEY - GOOD MONEY Market Runtime | PEPPERSTONE:XAUUSD snapshot captured (live)
2026-04-23T14:02:33-06:00 | SMART MONEY - GOOD MONEY Market Runtime | FOREXCOM:US30 snapshot captured (live)
2026-04-23T14:03:01-06:00 | SMART MONEY - GOOD MONEY Market Runtime | PEPPERSTONE:XAUUSD snapshot captured (live)
2026-04-23T14:03:42-06:00 | SMART MONEY - GOOD MONEY Market Runtime | FOREXCOM:US30 snapshot captured (live)
2026-04-23T14:04:11-06:00 | SMART MONEY - GOOD MONEY Market Runtime | PEPPERSTONE:XAUUSD snapshot captured (live)
2026-04-23T14:04:51-06:00 | SMART MONEY - GOOD MONEY Market Runtime | FOREXCOM:US30 snapshot captured (live)
2026-04-23T14:05:19-06:00 | SMART MONEY - GOOD MONEY Market Runtime | PEPPERSTONE:XAUUSD snapshot captured (live)
2026-04-23T14:06:00-06:00 | SMART MONEY - GOOD MONEY Market Runtime | FOREXCOM:US30 snapshot captured (live)
2026-04-23T14:06:40-06:00 | SMART MONEY - GOOD MONEY Market Runtime | PEPPERSTONE:XAUUSD snapshot captured (live)
2026-04-23T14:07:31-06:00 | SMART MONEY - GOOD MONEY Market Runtime | FOREXCOM:US30 snapshot captured (live)
2026-04-23T14:08:02-06:00 | SMART MONEY - GOOD MONEY Market Runtime | PEPPERSTONE:XAUUSD snapshot captured (live)
2026-04-23T14:08:43-06:00 | SMART MONEY - GOOD MONEY Market Runtime | FOREXCOM:US30 snapshot captured (live)
2026-04-23T14:09:13-06:00 | SMART MONEY - GOOD MONEY Market Runtime | PEPPERSTONE:XAUUSD snapshot captured (live)
2026-04-23T14:09:55-06:00 | SMART MONEY - GOOD MONEY Market Runtime | FOREXCOM:US30 snapshot captured (live)
2026-04-23T14:10:24-06:00 | SMART MONEY - GOOD MONEY Market Runtime | PEPPERSTONE:XAUUSD snapshot captured (live)
2026-04-23T14:11:04-06:00 | SMART MONEY - GOOD MONEY Market Runtime | FOREXCOM:US30 snapshot captured (live)
2026-04-23T14:11:44-06:00 | SMART MONEY - GOOD MONEY Market Runtime | PEPPERSTONE:XAUUSD snapshot captured (live)
2026-04-23T14:12:38-06:00 | SMART MONEY - GOOD MONEY Market Runtime | FOREXCOM:US30 snapshot captured (live)
2026-04-23T14:13:07-06:00 | SMART MONEY - GOOD MONEY Market Runtime | PEPPERSTONE:XAUUSD snapshot captured (live)
2026-04-23T14:13:51-06:00 | SMART MONEY - GOOD MONEY Market Runtime | FOREXCOM:US30 snapshot captured (live)
2026-04-23T14:14:20-06:00 | SMART MONEY - GOOD MONEY Market Runtime | PEPPERSTONE:XAUUSD snapshot captured (live)
2026-04-23T14:15:05-06:00 | SMART MONEY - GOOD MONEY Market Runtime | FOREXCOM:US30 snapshot captured (live)
2026-04-23T14:15:39-06:00 | SMART MONEY - GOOD MONEY Market Runtime | PEPPERSTONE:XAUUSD snapshot captured (live)
2026-04-23T14:16:23-06:00 | SMART MONEY - GOOD MONEY Market Runtime | FOREXCOM:US30 snapshot captured (live)
2026-04-23T14:17:39-06:00 | SMART MONEY - GOOD MONEY Market Runtime | PEPPERSTONE:XAUUSD snapshot captured (live)
2026-04-23T14:18:10-06:00 | SMART MONEY - GOOD MONEY Market Runtime | FOREXCOM:US30 snapshot captured (live)
2026-04-23T14:19:03-06:00 | SMART MONEY - GOOD MONEY Market Runtime | PEPPERSTONE:XAUUSD snapshot captured (live)
2026-04-23T14:19:22-06:00 | SMART MONEY - GOOD MONEY Market Runtime | FOREXCOM:US30 snapshot captured (live)
2026-04-23T14:20:15-06:00 | SMART MONEY - GOOD MONEY Market Runtime | PEPPERSTONE:XAUUSD snapshot captured (live)
2026-04-23T14:20:35-06:00 | SMART MONEY - GOOD MONEY Market Runtime | FOREXCOM:US30 snapshot captured (live)
2026-04-23T14:21:27-06:00 | SMART MONEY - GOOD MONEY Market Runtime | PEPPERSTONE:XAUUSD snapshot captured (live)
2026-04-23T14:21:48-06:00 | SMART MONEY - GOOD MONEY Market Runtime | FOREXCOM:US30 snapshot captured (live)
2026-04-23T14:22:52-06:00 | SMART MONEY - GOOD MONEY Market Runtime | PEPPERSTONE:XAUUSD snapshot captured (live)
2026-04-23T14:23:23-06:00 | SMART MONEY - GOOD MONEY Market Runtime | FOREXCOM:US30 snapshot captured (live)
2026-04-23T14:24:14-06:00 | SMART MONEY - GOOD MONEY Market Runtime | PEPPERSTONE:XAUUSD snapshot captured (live)
2026-04-23T14:24:34-06:00 | SMART MONEY - GOOD MONEY Market Runtime | FOREXCOM:US30 snapshot captured (live)
2026-04-23T14:25:27-06:00 | SMART MONEY - GOOD MONEY Market Runtime | PEPPERSTONE:XAUUSD snapshot captured (live)
2026-04-23T14:25:47-06:00 | SMART MONEY - GOOD MONEY Market Runtime | FOREXCOM:US30 snapshot captured (live)
2026-04-23T14:26:42-06:00 | SMART MONEY - GOOD MONEY Market Runtime | PEPPERSTONE:XAUUSD snapshot captured (live)
2026-04-23T14:27:02-06:00 | SMART MONEY - GOOD MONEY Market Runtime | FOREXCOM:US30 snapshot captured (live)
2026-04-23T14:28:07-06:00 | SMART MONEY - GOOD MONEY Market Runtime | PEPPERSTONE:XAUUSD snapshot captured (live)
2026-04-23T14:28:38-06:00 | SMART MONEY - GOOD MONEY Market Runtime | FOREXCOM:US30 snapshot captured (live)
2026-04-23T14:29:30-06:00 | SMART MONEY - GOOD MONEY Market Runtime | PEPPERSTONE:XAUUSD snapshot captured (live)
2026-04-23T14:29:50-06:00 | SMART MONEY - GOOD MONEY Market Runtime | FOREXCOM:US30 snapshot captured (live)
2026-04-23T14:30:42-06:00 | SMART MONEY - GOOD MONEY Market Runtime | PEPPERSTONE:XAUUSD snapshot captured (live)
2026-04-23T14:31:02-06:00 | SMART MONEY - GOOD MONEY Market Runtime | FOREXCOM:US30 snapshot captured (live)
2026-04-23T14:31:55-06:00 | SMART MONEY - GOOD MONEY Market Runtime | PEPPERSTONE:XAUUSD snapshot captured (live)
2026-04-23T14:32:14-06:00 | SMART MONEY - GOOD MONEY Market Runtime | FOREXCOM:US30 snapshot captured (live)
2026-04-23T14:33:17-06:00 | SMART MONEY - GOOD MONEY Market Runtime | PEPPERSTONE:XAUUSD snapshot captured (live)
2026-04-23T14:33:50-06:00 | SMART MONEY - GOOD MONEY Market Runtime | FOREXCOM:US30 snapshot captured (live)
2026-04-23T14:34:42-06:00 | SMART MONEY - GOOD MONEY Market Runtime | PEPPERSTONE:XAUUSD snapshot captured (live)
2026-04-23T14:35:05-06:00 | SMART MONEY - GOOD MONEY Market Runtime | FOREXCOM:US30 snapshot captured (live)
2026-04-23T14:35:57-06:00 | SMART MONEY - GOOD MONEY Market Runtime | PEPPERSTONE:XAUUSD snapshot captured (live)
2026-04-23T14:36:18-06:00 | SMART MONEY - GOOD MONEY Market Runtime | FOREXCOM:US30 snapshot captured (live)
2026-04-23T14:37:10-06:00 | SMART MONEY - GOOD MONEY Market Runtime | PEPPERSTONE:XAUUSD snapshot captured (live)
2026-04-23T14:37:31-06:00 | SMART MONEY - GOOD MONEY Market Runtime | FOREXCOM:US30 snapshot captured (live)
2026-04-23T14:38:35-06:00 | SMART MONEY - GOOD MONEY Market Runtime | PEPPERSTONE:XAUUSD snapshot captured (live)
2026-04-23T14:39:06-06:00 | SMART MONEY - GOOD MONEY Market Runtime | FOREXCOM:US30 snapshot captured (live)
2026-04-23T14:39:58-06:00 | SMART MONEY - GOOD MONEY Market Runtime | PEPPERSTONE:XAUUSD snapshot captured (live)
2026-04-23T14:40:17-06:00 | SMART MONEY - GOOD MONEY Market Runtime | FOREXCOM:US30 snapshot captured (live)
2026-04-23T14:41:09-06:00 | SMART MONEY - GOOD MONEY Market Runtime | PEPPERSTONE:XAUUSD snapshot captured (live)
2026-04-23T14:41:29-06:00 | SMART MONEY - GOOD MONEY Market Runtime | FOREXCOM:US30 snapshot captured (live)
2026-04-23T14:42:22-06:00 | SMART MONEY - GOOD MONEY Market Runtime | PEPPERSTONE:XAUUSD snapshot captured (live)
2026-04-23T14:42:43-06:00 | SMART MONEY - GOOD MONEY Market Runtime | FOREXCOM:US30 snapshot captured (live)
2026-04-23T14:43:47-06:00 | SMART MONEY - GOOD MONEY Market Runtime | PEPPERSTONE:XAUUSD snapshot captured (live)
2026-04-23T14:44:19-06:00 | SMART MONEY - GOOD MONEY Market Runtime | FOREXCOM:US30 snapshot captured (live)
2026-04-23T14:45:11-06:00 | SMART MONEY - GOOD MONEY Market Runtime | PEPPERSTONE:XAUUSD snapshot captured (live)
2026-04-23T14:45:31-06:00 | SMART MONEY - GOOD MONEY Market Runtime | FOREXCOM:US30 snapshot captured (live)
2026-04-23T14:46:23-06:00 | SMART MONEY - GOOD MONEY Market Runtime | PEPPERSTONE:XAUUSD snapshot captured (live)
2026-04-23T14:46:43-06:00 | SMART MONEY - GOOD MONEY Market Runtime | FOREXCOM:US30 snapshot captured (live)
2026-04-23T14:47:35-06:00 | SMART MONEY - GOOD MONEY Market Runtime | PEPPERSTONE:XAUUSD snapshot captured (live)
2026-04-23T14:47:57-06:00 | SMART MONEY - GOOD MONEY Market Runtime | FOREXCOM:US30 snapshot captured (live)
2026-04-23T14:49:02-06:00 | SMART MONEY - GOOD MONEY Market Runtime | PEPPERSTONE:XAUUSD snapshot captured (live)
2026-04-23T14:49:34-06:00 | SMART MONEY - GOOD MONEY Market Runtime | FOREXCOM:US30 snapshot captured (live)
2026-04-23T14:50:26-06:00 | SMART MONEY - GOOD MONEY Market Runtime | PEPPERSTONE:XAUUSD snapshot captured (live)
2026-04-23T14:50:47-06:00 | SMART MONEY - GOOD MONEY Market Runtime | FOREXCOM:US30 snapshot captured (live)
2026-04-23T14:51:39-06:00 | SMART MONEY - GOOD MONEY Market Runtime | PEPPERSTONE:XAUUSD snapshot captured (live)
2026-04-23T14:52:00-06:00 | SMART MONEY - GOOD MONEY Market Runtime | FOREXCOM:US30 snapshot captured (live)
2026-04-23T14:52:52-06:00 | SMART MONEY - GOOD MONEY Market Runtime | PEPPERSTONE:XAUUSD snapshot captured (live)
2026-04-23T14:53:14-06:00 | SMART MONEY - GOOD MONEY Market Runtime | FOREXCOM:US30 snapshot captured (live)
2026-04-23T14:54:19-06:00 | SMART MONEY - GOOD MONEY Market Runtime | PEPPERSTONE:XAUUSD snapshot captured (live)
2026-04-23T14:54:51-06:00 | SMART MONEY - GOOD MONEY Market Runtime | FOREXCOM:US30 snapshot captured (live)
2026-04-23T14:55:44-06:00 | SMART MONEY - GOOD MONEY Market Runtime | PEPPERSTONE:XAUUSD snapshot captured (live)
2026-04-23T14:56:05-06:00 | SMART MONEY - GOOD MONEY Market Runtime | FOREXCOM:US30 snapshot captured (live)
2026-04-23T14:56:57-06:00 | SMART MONEY - GOOD MONEY Market Runtime | PEPPERSTONE:XAUUSD snapshot captured (live)
2026-04-23T14:57:18-06:00 | SMART MONEY - GOOD MONEY Market Runtime | FOREXCOM:US30 snapshot captured (live)
2026-04-23T14:58:10-06:00 | SMART MONEY - GOOD MONEY Market Runtime | PEPPERSTONE:XAUUSD snapshot captured (live)
2026-04-23T14:58:30-06:00 | SMART MONEY - GOOD MONEY Market Runtime | FOREXCOM:US30 snapshot captured (live)
2026-04-23T14:59:36-06:00 | SMART MONEY - GOOD MONEY Market Runtime | PEPPERSTONE:XAUUSD snapshot captured (live)
2026-04-23T15:00:08-06:00 | SMART MONEY - GOOD MONEY Market Runtime | FOREXCOM:US30 snapshot captured (live)
2026-04-23T15:00:59-06:00 | SMART MONEY - GOOD MONEY Market Runtime | PEPPERSTONE:XAUUSD snapshot captured (live)
2026-04-23T15:01:19-06:00 | SMART MONEY - GOOD MONEY Market Runtime | FOREXCOM:US30 snapshot captured (live)
2026-04-23T15:02:10-06:00 | SMART MONEY - GOOD MONEY Market Runtime | PEPPERSTONE:XAUUSD snapshot captured (live)
2026-04-23T15:02:32-06:00 | SMART MONEY - GOOD MONEY Market Runtime | FOREXCOM:US30 snapshot captured (live)
2026-04-23T15:03:26-06:00 | SMART MONEY - GOOD MONEY Market Runtime | PEPPERSTONE:XAUUSD snapshot captured (live)
2026-04-23T15:03:47-06:00 | SMART MONEY - GOOD MONEY Market Runtime | FOREXCOM:US30 snapshot captured (live)
2026-04-23T15:04:51-06:00 | SMART MONEY - GOOD MONEY Market Runtime | PEPPERSTONE:XAUUSD snapshot captured (live)
2026-04-23T15:05:22-06:00 | SMART MONEY - GOOD MONEY Market Runtime | FOREXCOM:US30 snapshot captured (live)
2026-04-23T15:06:13-06:00 | SMART MONEY - GOOD MONEY Market Runtime | PEPPERSTONE:XAUUSD snapshot captured (live)
2026-04-23T15:06:36-06:00 | SMART MONEY - GOOD MONEY Market Runtime | FOREXCOM:US30 snapshot captured (live)
2026-04-23T15:07:27-06:00 | SMART MONEY - GOOD MONEY Market Runtime | PEPPERSTONE:XAUUSD snapshot captured (live)
2026-04-23T15:07:47-06:00 | SMART MONEY - GOOD MONEY Market Runtime | FOREXCOM:US30 snapshot captured (live)
2026-04-23T15:08:38-06:00 | SMART MONEY - GOOD MONEY Market Runtime | PEPPERSTONE:XAUUSD snapshot captured (live)
2026-04-23T15:08:58-06:00 | SMART MONEY - GOOD MONEY Market Runtime | FOREXCOM:US30 snapshot captured (live)
2026-04-23T15:10:01-06:00 | SMART MONEY - GOOD MONEY Market Runtime | PEPPERSTONE:XAUUSD snapshot captured (live)
2026-04-23T15:10:31-06:00 | SMART MONEY - GOOD MONEY Market Runtime | FOREXCOM:US30 snapshot captured (live)
2026-04-23T15:11:27-06:00 | SMART MONEY - GOOD MONEY Market Runtime | PEPPERSTONE:XAUUSD snapshot captured (live)
2026-04-23T15:11:49-06:00 | SMART MONEY - GOOD MONEY Market Runtime | FOREXCOM:US30 snapshot captured (live)
2026-04-23T15:12:40-06:00 | SMART MONEY - GOOD MONEY Market Runtime | PEPPERSTONE:XAUUSD snapshot captured (live)
2026-04-23T15:13:00-06:00 | SMART MONEY - GOOD MONEY Market Runtime | FOREXCOM:US30 snapshot captured (live)
2026-04-23T15:13:54-06:00 | SMART MONEY - GOOD MONEY Market Runtime | PEPPERSTONE:XAUUSD snapshot captured (live)
2026-04-23T15:14:13-06:00 | SMART MONEY - GOOD MONEY Market Runtime | FOREXCOM:US30 snapshot captured (live)
2026-04-23T15:15:24-06:00 | SMART MONEY - GOOD MONEY Market Runtime | PEPPERSTONE:XAUUSD snapshot captured (live)
2026-04-23T15:15:56-06:00 | SMART MONEY - GOOD MONEY Market Runtime | FOREXCOM:US30 snapshot captured (live)
2026-04-23T15:16:47-06:00 | SMART MONEY - GOOD MONEY Market Runtime | PEPPERSTONE:XAUUSD snapshot captured (live)
2026-04-23T15:17:07-06:00 | SMART MONEY - GOOD MONEY Market Runtime | FOREXCOM:US30 snapshot captured (live)
2026-04-23T15:17:59-06:00 | SMART MONEY - GOOD MONEY Market Runtime | PEPPERSTONE:XAUUSD snapshot captured (live)
2026-04-23T15:18:19-06:00 | SMART MONEY - GOOD MONEY Market Runtime | FOREXCOM:US30 snapshot captured (live)
2026-04-23T15:19:11-06:00 | SMART MONEY - GOOD MONEY Market Runtime | PEPPERSTONE:XAUUSD snapshot captured (live)
2026-04-23T15:19:31-06:00 | SMART MONEY - GOOD MONEY Market Runtime | FOREXCOM:US30 snapshot captured (live)
2026-04-23T15:20:35-06:00 | SMART MONEY - GOOD MONEY Market Runtime | PEPPERSTONE:XAUUSD snapshot captured (live)
2026-04-23T15:21:11-06:00 | SMART MONEY - GOOD MONEY Market Runtime | FOREXCOM:US30 snapshot captured (live)
2026-04-23T15:22:02-06:00 | SMART MONEY - GOOD MONEY Market Runtime | PEPPERSTONE:XAUUSD snapshot captured (live)
2026-04-23T15:22:30-06:00 | SMART MONEY - GOOD MONEY Market Runtime | FOREXCOM:US30 snapshot captured (live)
2026-04-23T15:23:22-06:00 | SMART MONEY - GOOD MONEY Market Runtime | PEPPERSTONE:XAUUSD snapshot captured (live)
2026-04-23T15:23:44-06:00 | SMART MONEY - GOOD MONEY Market Runtime | FOREXCOM:US30 snapshot captured (live)
2026-04-23T15:24:36-06:00 | SMART MONEY - GOOD MONEY Market Runtime | PEPPERSTONE:XAUUSD snapshot captured (live)
2026-04-23T15:24:56-06:00 | SMART MONEY - GOOD MONEY Market Runtime | FOREXCOM:US30 snapshot captured (live)
2026-04-23T15:26:03-06:00 | SMART MONEY - GOOD MONEY Market Runtime | PEPPERSTONE:XAUUSD snapshot captured (live)
2026-04-23T15:26:38-06:00 | SMART MONEY - GOOD MONEY Market Runtime | FOREXCOM:US30 snapshot captured (live)
2026-04-23T15:27:29-06:00 | SMART MONEY - GOOD MONEY Market Runtime | PEPPERSTONE:XAUUSD snapshot captured (live)
2026-04-23T15:27:50-06:00 | SMART MONEY - GOOD MONEY Market Runtime | FOREXCOM:US30 snapshot captured (live)
2026-04-23T15:28:41-06:00 | SMART MONEY - GOOD MONEY Market Runtime | PEPPERSTONE:XAUUSD snapshot captured (live)
2026-04-23T15:29:01-06:00 | SMART MONEY - GOOD MONEY Market Runtime | FOREXCOM:US30 snapshot captured (live)
2026-04-23T15:29:52-06:00 | SMART MONEY - GOOD MONEY Market Runtime | PEPPERSTONE:XAUUSD snapshot captured (live)
2026-04-23T15:30:12-06:00 | SMART MONEY - GOOD MONEY Market Runtime | FOREXCOM:US30 snapshot captured (live)
2026-04-23T15:31:21-06:00 | SMART MONEY - GOOD MONEY Market Runtime | PEPPERSTONE:XAUUSD snapshot captured (live)
2026-04-23T15:31:53-06:00 | SMART MONEY - GOOD MONEY Market Runtime | FOREXCOM:US30 snapshot captured (live)
2026-04-23T15:32:45-06:00 | SMART MONEY - GOOD MONEY Market Runtime | PEPPERSTONE:XAUUSD snapshot captured (live)
2026-04-23T15:33:05-06:00 | SMART MONEY - GOOD MONEY Market Runtime | FOREXCOM:US30 snapshot captured (live)
2026-04-23T15:33:57-06:00 | SMART MONEY - GOOD MONEY Market Runtime | PEPPERSTONE:XAUUSD snapshot captured (live)
2026-04-23T15:34:17-06:00 | SMART MONEY - GOOD MONEY Market Runtime | FOREXCOM:US30 snapshot captured (live)
2026-04-23T15:35:09-06:00 | SMART MONEY - GOOD MONEY Market Runtime | PEPPERSTONE:XAUUSD snapshot captured (live)
2026-04-23T15:35:30-06:00 | SMART MONEY - GOOD MONEY Market Runtime | FOREXCOM:US30 snapshot captured (live)
2026-04-23T15:36:41-06:00 | SMART MONEY - GOOD MONEY Market Runtime | PEPPERSTONE:XAUUSD snapshot captured (live)
2026-04-23T15:37:13-06:00 | SMART MONEY - GOOD MONEY Market Runtime | FOREXCOM:US30 snapshot captured (live)
2026-04-23T15:38:04-06:00 | SMART MONEY - GOOD MONEY Market Runtime | PEPPERSTONE:XAUUSD snapshot captured (live)
2026-04-23T15:38:24-06:00 | SMART MONEY - GOOD MONEY Market Runtime | FOREXCOM:US30 snapshot captured (live)
2026-04-23T15:39:15-06:00 | SMART MONEY - GOOD MONEY Market Runtime | PEPPERSTONE:XAUUSD snapshot captured (live)
2026-04-23T15:39:36-06:00 | SMART MONEY - GOOD MONEY Market Runtime | FOREXCOM:US30 snapshot captured (live)
2026-04-23T15:40:28-06:00 | SMART MONEY - GOOD MONEY Market Runtime | PEPPERSTONE:XAUUSD snapshot captured (live)
2026-04-23T15:40:49-06:00 | SMART MONEY - GOOD MONEY Market Runtime | FOREXCOM:US30 snapshot captured (live)
2026-04-23T15:41:59-06:00 | SMART MONEY - GOOD MONEY Market Runtime | PEPPERSTONE:XAUUSD snapshot captured (live)
2026-04-23T15:42:30-06:00 | SMART MONEY - GOOD MONEY Market Runtime | FOREXCOM:US30 snapshot captured (live)
2026-04-23T15:43:22-06:00 | SMART MONEY - GOOD MONEY Market Runtime | PEPPERSTONE:XAUUSD snapshot captured (live)
2026-04-23T15:43:43-06:00 | SMART MONEY - GOOD MONEY Market Runtime | FOREXCOM:US30 snapshot captured (live)
2026-04-23T15:44:36-06:00 | SMART MONEY - GOOD MONEY Market Runtime | PEPPERSTONE:XAUUSD snapshot captured (live)
2026-04-23T15:44:56-06:00 | SMART MONEY - GOOD MONEY Market Runtime | FOREXCOM:US30 snapshot captured (live)
2026-04-23T15:45:49-06:00 | SMART MONEY - GOOD MONEY Market Runtime | PEPPERSTONE:XAUUSD snapshot captured (live)
2026-04-23T15:46:10-06:00 | SMART MONEY - GOOD MONEY Market Runtime | FOREXCOM:US30 snapshot captured (live)
2026-04-23T15:47:14-06:00 | SMART MONEY - GOOD MONEY Market Runtime | PEPPERSTONE:XAUUSD snapshot captured (live)
2026-04-23T15:47:49-06:00 | SMART MONEY - GOOD MONEY Market Runtime | FOREXCOM:US30 snapshot captured (live)
2026-04-23T15:48:40-06:00 | SMART MONEY - GOOD MONEY Market Runtime | PEPPERSTONE:XAUUSD snapshot captured (live)
2026-04-23T15:49:01-06:00 | SMART MONEY - GOOD MONEY Market Runtime | FOREXCOM:US30 snapshot captured (live)
2026-04-23T15:49:53-06:00 | SMART MONEY - GOOD MONEY Market Runtime | PEPPERSTONE:XAUUSD snapshot captured (live)
2026-04-23T15:50:14-06:00 | SMART MONEY - GOOD MONEY Market Runtime | FOREXCOM:US30 snapshot captured (live)
2026-04-23T15:51:06-06:00 | SMART MONEY - GOOD MONEY Market Runtime | PEPPERSTONE:XAUUSD snapshot captured (live)
2026-04-23T15:51:27-06:00 | SMART MONEY - GOOD MONEY Market Runtime | FOREXCOM:US30 snapshot captured (live)
2026-04-23T15:52:34-06:00 | SMART MONEY - GOOD MONEY Market Runtime | PEPPERSTONE:XAUUSD snapshot captured (live)
2026-04-23T15:53:08-06:00 | SMART MONEY - GOOD MONEY Market Runtime | FOREXCOM:US30 snapshot captured (live)
2026-04-23T15:54:00-06:00 | SMART MONEY - GOOD MONEY Market Runtime | PEPPERSTONE:XAUUSD snapshot captured (live)
2026-04-23T15:54:21-06:00 | SMART MONEY - GOOD MONEY Market Runtime | FOREXCOM:US30 snapshot captured (live)
2026-04-23T15:55:15-06:00 | SMART MONEY - GOOD MONEY Market Runtime | PEPPERSTONE:XAUUSD snapshot captured (live)
2026-04-23T15:55:36-06:00 | SMART MONEY - GOOD MONEY Market Runtime | FOREXCOM:US30 snapshot captured (live)
2026-04-23T15:56:28-06:00 | SMART MONEY - GOOD MONEY Market Runtime | PEPPERSTONE:XAUUSD snapshot captured (live)
2026-04-23T15:56:48-06:00 | SMART MONEY - GOOD MONEY Market Runtime | FOREXCOM:US30 snapshot captured (live)
2026-04-23T15:57:52-06:00 | SMART MONEY - GOOD MONEY Market Runtime | PEPPERSTONE:XAUUSD snapshot captured (live)
2026-04-23T15:58:22-06:00 | SMART MONEY - GOOD MONEY Market Runtime | FOREXCOM:US30 snapshot captured (live)
2026-04-23T15:59:16-06:00 | SMART MONEY - GOOD MONEY Market Runtime | PEPPERSTONE:XAUUSD snapshot captured (live)
2026-04-23T15:59:37-06:00 | SMART MONEY - GOOD MONEY Market Runtime | FOREXCOM:US30 snapshot captured (live)
2026-04-23T16:00:28-06:00 | SMART MONEY - GOOD MONEY Market Runtime | PEPPERSTONE:XAUUSD snapshot captured (live)
2026-04-23T16:00:49-06:00 | SMART MONEY - GOOD MONEY Market Runtime | FOREXCOM:US30 snapshot captured (live)
2026-04-23T16:01:41-06:00 | SMART MONEY - GOOD MONEY Market Runtime | PEPPERSTONE:XAUUSD snapshot captured (live)
2026-04-23T16:02:02-06:00 | SMART MONEY - GOOD MONEY Market Runtime | FOREXCOM:US30 snapshot captured (live)
2026-04-23T16:03:07-06:00 | SMART MONEY - GOOD MONEY Market Runtime | PEPPERSTONE:XAUUSD snapshot captured (live)
2026-04-23T16:03:41-06:00 | SMART MONEY - GOOD MONEY Market Runtime | FOREXCOM:US30 snapshot captured (live)
2026-04-23T16:04:33-06:00 | SMART MONEY - GOOD MONEY Market Runtime | PEPPERSTONE:XAUUSD snapshot captured (live)
2026-04-23T16:04:53-06:00 | SMART MONEY - GOOD MONEY Market Runtime | FOREXCOM:US30 snapshot captured (live)
2026-04-23T16:05:45-06:00 | SMART MONEY - GOOD MONEY Market Runtime | PEPPERSTONE:XAUUSD snapshot captured (live)
2026-04-23T16:06:07-06:00 | SMART MONEY - GOOD MONEY Market Runtime | FOREXCOM:US30 snapshot captured (live)
2026-04-23T16:07:01-06:00 | SMART MONEY - GOOD MONEY Market Runtime | PEPPERSTONE:XAUUSD snapshot captured (live)
2026-04-23T16:07:21-06:00 | SMART MONEY - GOOD MONEY Market Runtime | FOREXCOM:US30 snapshot captured (live)
2026-04-23T16:08:25-06:00 | SMART MONEY - GOOD MONEY Market Runtime | PEPPERSTONE:XAUUSD snapshot captured (live)
2026-04-23T16:08:56-06:00 | SMART MONEY - GOOD MONEY Market Runtime | FOREXCOM:US30 snapshot captured (live)
2026-04-23T16:09:51-06:00 | SMART MONEY - GOOD MONEY Market Runtime | PEPPERSTONE:XAUUSD snapshot captured (live)
2026-04-23T16:10:12-06:00 | SMART MONEY - GOOD MONEY Market Runtime | FOREXCOM:US30 snapshot captured (live)
2026-04-23T16:11:05-06:00 | SMART MONEY - GOOD MONEY Market Runtime | PEPPERSTONE:XAUUSD snapshot captured (live)
2026-04-23T16:11:25-06:00 | SMART MONEY - GOOD MONEY Market Runtime | FOREXCOM:US30 snapshot captured (live)
2026-04-23T16:12:17-06:00 | SMART MONEY - GOOD MONEY Market Runtime | PEPPERSTONE:XAUUSD snapshot captured (live)
2026-04-23T16:12:37-06:00 | SMART MONEY - GOOD MONEY Market Runtime | FOREXCOM:US30 snapshot captured (live)
2026-04-23T16:13:40-06:00 | SMART MONEY - GOOD MONEY Market Runtime | PEPPERSTONE:XAUUSD snapshot captured (live)
2026-04-23T16:14:12-06:00 | SMART MONEY - GOOD MONEY Market Runtime | FOREXCOM:US30 snapshot captured (live)
2026-04-23T16:15:04-06:00 | SMART MONEY - GOOD MONEY Market Runtime | PEPPERSTONE:XAUUSD snapshot captured (live)
2026-04-23T16:15:26-06:00 | SMART MONEY - GOOD MONEY Market Runtime | FOREXCOM:US30 snapshot captured (live)
2026-04-23T16:16:18-06:00 | SMART MONEY - GOOD MONEY Market Runtime | PEPPERSTONE:XAUUSD snapshot captured (live)
2026-04-23T16:16:38-06:00 | SMART MONEY - GOOD MONEY Market Runtime | FOREXCOM:US30 snapshot captured (live)
2026-04-23T16:17:30-06:00 | SMART MONEY - GOOD MONEY Market Runtime | PEPPERSTONE:XAUUSD snapshot captured (live)
2026-04-23T16:17:51-06:00 | SMART MONEY - GOOD MONEY Market Runtime | FOREXCOM:US30 snapshot captured (live)
2026-04-23T16:18:55-06:00 | SMART MONEY - GOOD MONEY Market Runtime | PEPPERSTONE:XAUUSD snapshot captured (live)
2026-04-23T16:19:26-06:00 | SMART MONEY - GOOD MONEY Market Runtime | FOREXCOM:US30 snapshot captured (live)
2026-04-23T16:20:17-06:00 | SMART MONEY - GOOD MONEY Market Runtime | PEPPERSTONE:XAUUSD snapshot captured (live)
2026-04-23T16:20:38-06:00 | SMART MONEY - GOOD MONEY Market Runtime | FOREXCOM:US30 snapshot captured (live)
2026-04-23T16:21:30-06:00 | SMART MONEY - GOOD MONEY Market Runtime | PEPPERSTONE:XAUUSD snapshot captured (live)
2026-04-23T16:21:51-06:00 | SMART MONEY - GOOD MONEY Market Runtime | FOREXCOM:US30 snapshot captured (live)
2026-04-23T16:22:43-06:00 | SMART MONEY - GOOD MONEY Market Runtime | PEPPERSTONE:XAUUSD snapshot captured (live)
2026-04-23T16:23:04-06:00 | SMART MONEY - GOOD MONEY Market Runtime | FOREXCOM:US30 snapshot captured (live)
2026-04-23T16:24:08-06:00 | SMART MONEY - GOOD MONEY Market Runtime | PEPPERSTONE:XAUUSD snapshot captured (live)
2026-04-23T16:24:38-06:00 | SMART MONEY - GOOD MONEY Market Runtime | FOREXCOM:US30 snapshot captured (live)
2026-04-23T16:25:30-06:00 | SMART MONEY - GOOD MONEY Market Runtime | PEPPERSTONE:XAUUSD snapshot captured (live)
2026-04-23T16:25:51-06:00 | SMART MONEY - GOOD MONEY Market Runtime | FOREXCOM:US30 snapshot captured (live)
2026-04-23T16:26:44-06:00 | SMART MONEY - GOOD MONEY Market Runtime | PEPPERSTONE:XAUUSD snapshot captured (live)
2026-04-23T16:27:06-06:00 | SMART MONEY - GOOD MONEY Market Runtime | FOREXCOM:US30 snapshot captured (live)
2026-04-23T16:27:58-06:00 | SMART MONEY - GOOD MONEY Market Runtime | PEPPERSTONE:XAUUSD snapshot captured (live)
2026-04-23T16:28:18-06:00 | SMART MONEY - GOOD MONEY Market Runtime | FOREXCOM:US30 snapshot captured (live)
2026-04-23T16:29:22-06:00 | SMART MONEY - GOOD MONEY Market Runtime | PEPPERSTONE:XAUUSD snapshot captured (live)
2026-04-23T16:29:53-06:00 | SMART MONEY - GOOD MONEY Market Runtime | FOREXCOM:US30 snapshot captured (live)
2026-04-23T16:30:45-06:00 | SMART MONEY - GOOD MONEY Market Runtime | PEPPERSTONE:XAUUSD snapshot captured (live)
2026-04-23T16:31:05-06:00 | SMART MONEY - GOOD MONEY Market Runtime | FOREXCOM:US30 snapshot captured (live)
2026-04-23T16:31:59-06:00 | SMART MONEY - GOOD MONEY Market Runtime | PEPPERSTONE:XAUUSD snapshot captured (live)
2026-04-23T16:32:19-06:00 | SMART MONEY - GOOD MONEY Market Runtime | FOREXCOM:US30 snapshot captured (live)
2026-04-23T16:33:11-06:00 | SMART MONEY - GOOD MONEY Market Runtime | PEPPERSTONE:XAUUSD snapshot captured (live)
2026-04-23T16:33:31-06:00 | SMART MONEY - GOOD MONEY Market Runtime | FOREXCOM:US30 snapshot captured (live)
2026-04-23T16:34:36-06:00 | SMART MONEY - GOOD MONEY Market Runtime | PEPPERSTONE:XAUUSD snapshot captured (live)
2026-04-23T16:35:07-06:00 | SMART MONEY - GOOD MONEY Market Runtime | FOREXCOM:US30 snapshot captured (live)
2026-04-23T16:36:00-06:00 | SMART MONEY - GOOD MONEY Market Runtime | PEPPERSTONE:XAUUSD snapshot captured (live)
2026-04-23T16:36:20-06:00 | SMART MONEY - GOOD MONEY Market Runtime | FOREXCOM:US30 snapshot captured (live)
2026-04-23T16:37:12-06:00 | SMART MONEY - GOOD MONEY Market Runtime | PEPPERSTONE:XAUUSD snapshot captured (live)
2026-04-23T16:37:35-06:00 | SMART MONEY - GOOD MONEY Market Runtime | FOREXCOM:US30 snapshot captured (live)
2026-04-23T16:38:16-06:00 | SMART MONEY - GOOD MONEY Market Runtime | PEPPERSTONE:XAUUSD snapshot captured (live)
2026-04-23T16:38:58-06:00 | SMART MONEY - GOOD MONEY Market Runtime | FOREXCOM:US30 snapshot captured (live)
2026-04-23T16:39:42-06:00 | SMART MONEY - GOOD MONEY Market Runtime | PEPPERSTONE:XAUUSD snapshot captured (live)
2026-04-23T16:40:38-06:00 | SMART MONEY - GOOD MONEY Market Runtime | FOREXCOM:US30 snapshot captured (live)
2026-04-23T16:41:09-06:00 | SMART MONEY - GOOD MONEY Market Runtime | PEPPERSTONE:XAUUSD snapshot captured (live)
2026-04-23T16:41:53-06:00 | SMART MONEY - GOOD MONEY Market Runtime | FOREXCOM:US30 snapshot captured (live)
2026-04-23T16:42:24-06:00 | SMART MONEY - GOOD MONEY Market Runtime | PEPPERSTONE:XAUUSD snapshot captured (live)
2026-04-23T16:43:06-06:00 | SMART MONEY - GOOD MONEY Market Runtime | FOREXCOM:US30 snapshot captured (live)
2026-04-23T16:43:38-06:00 | SMART MONEY - GOOD MONEY Market Runtime | PEPPERSTONE:XAUUSD snapshot captured (live)
2026-04-23T16:44:21-06:00 | SMART MONEY - GOOD MONEY Market Runtime | FOREXCOM:US30 snapshot captured (live)
2026-04-23T16:45:05-06:00 | SMART MONEY - GOOD MONEY Market Runtime | PEPPERSTONE:XAUUSD snapshot captured (live)
2026-04-23T16:45:58-06:00 | SMART MONEY - GOOD MONEY Market Runtime | FOREXCOM:US30 snapshot captured (live)
2026-04-23T16:46:30-06:00 | SMART MONEY - GOOD MONEY Market Runtime | PEPPERSTONE:XAUUSD snapshot captured (live)
2026-04-23T16:47:12-06:00 | SMART MONEY - GOOD MONEY Market Runtime | FOREXCOM:US30 snapshot captured (live)
2026-04-23T16:47:42-06:00 | SMART MONEY - GOOD MONEY Market Runtime | PEPPERSTONE:XAUUSD snapshot captured (live)
2026-04-23T16:48:25-06:00 | SMART MONEY - GOOD MONEY Market Runtime | FOREXCOM:US30 snapshot captured (live)
2026-04-23T16:48:56-06:00 | SMART MONEY - GOOD MONEY Market Runtime | PEPPERSTONE:XAUUSD snapshot captured (live)
2026-04-23T16:49:39-06:00 | SMART MONEY - GOOD MONEY Market Runtime | FOREXCOM:US30 snapshot captured (live)
2026-04-23T16:50:22-06:00 | SMART MONEY - GOOD MONEY Market Runtime | PEPPERSTONE:XAUUSD snapshot captured (live)
2026-04-23T16:51:16-06:00 | SMART MONEY - GOOD MONEY Market Runtime | FOREXCOM:US30 snapshot captured (live)
2026-04-23T16:51:49-06:00 | SMART MONEY - GOOD MONEY Market Runtime | PEPPERSTONE:XAUUSD snapshot captured (live)
2026-04-23T16:52:30-06:00 | SMART MONEY - GOOD MONEY Market Runtime | FOREXCOM:US30 snapshot captured (live)
2026-04-23T16:53:04-06:00 | SMART MONEY - GOOD MONEY Market Runtime | PEPPERSTONE:XAUUSD snapshot captured (live)
2026-04-23T16:53:47-06:00 | SMART MONEY - GOOD MONEY Market Runtime | FOREXCOM:US30 snapshot captured (live)
2026-04-23T16:54:17-06:00 | SMART MONEY - GOOD MONEY Market Runtime | PEPPERSTONE:XAUUSD snapshot captured (live)
2026-04-23T16:54:59-06:00 | SMART MONEY - GOOD MONEY Market Runtime | FOREXCOM:US30 snapshot captured (live)
2026-04-23T16:55:43-06:00 | SMART MONEY - GOOD MONEY Market Runtime | PEPPERSTONE:XAUUSD snapshot captured (live)
2026-04-23T16:56:36-06:00 | SMART MONEY - GOOD MONEY Market Runtime | FOREXCOM:US30 snapshot captured (live)
2026-04-23T16:57:09-06:00 | SMART MONEY - GOOD MONEY Market Runtime | PEPPERSTONE:XAUUSD snapshot captured (live)
2026-04-23T16:57:54-06:00 | SMART MONEY - GOOD MONEY Market Runtime | FOREXCOM:US30 snapshot captured (live)
2026-04-23T16:58:27-06:00 | SMART MONEY - GOOD MONEY Market Runtime | PEPPERSTONE:XAUUSD snapshot captured (live)
2026-04-23T16:59:08-06:00 | SMART MONEY - GOOD MONEY Market Runtime | FOREXCOM:US30 snapshot captured (live)
2026-04-23T16:59:39-06:00 | SMART MONEY - GOOD MONEY Market Runtime | PEPPERSTONE:XAUUSD snapshot captured (live)
2026-04-23T17:00:23-06:00 | SMART MONEY - GOOD MONEY Market Runtime | FOREXCOM:US30 snapshot captured (live)
2026-04-23T17:01:08-06:00 | SMART MONEY - GOOD MONEY Market Runtime | PEPPERSTONE:XAUUSD snapshot captured (live)
2026-04-23T17:02:02-06:00 | SMART MONEY - GOOD MONEY Market Runtime | FOREXCOM:US30 snapshot captured (live)
2026-04-23T17:02:32-06:00 | SMART MONEY - GOOD MONEY Market Runtime | PEPPERSTONE:XAUUSD snapshot captured (live)
2026-04-23T17:03:15-06:00 | SMART MONEY - GOOD MONEY Market Runtime | FOREXCOM:US30 snapshot captured (live)
2026-04-23T17:03:47-06:00 | SMART MONEY - GOOD MONEY Market Runtime | PEPPERSTONE:XAUUSD snapshot captured (live)
2026-04-23T17:04:31-06:00 | SMART MONEY - GOOD MONEY Market Runtime | FOREXCOM:US30 snapshot captured (live)
2026-04-23T17:05:02-06:00 | SMART MONEY - GOOD MONEY Market Runtime | PEPPERSTONE:XAUUSD snapshot captured (live)
2026-04-23T17:05:45-06:00 | SMART MONEY - GOOD MONEY Market Runtime | FOREXCOM:US30 snapshot captured (live)
2026-04-23T17:06:28-06:00 | SMART MONEY - GOOD MONEY Market Runtime | PEPPERSTONE:XAUUSD snapshot captured (live)
2026-04-23T17:07:23-06:00 | SMART MONEY - GOOD MONEY Market Runtime | FOREXCOM:US30 snapshot captured (live)
2026-04-23T17:07:53-06:00 | SMART MONEY - GOOD MONEY Market Runtime | PEPPERSTONE:XAUUSD snapshot captured (live)
2026-04-23T17:08:36-06:00 | SMART MONEY - GOOD MONEY Market Runtime | FOREXCOM:US30 snapshot captured (live)
2026-04-23T17:09:05-06:00 | SMART MONEY - GOOD MONEY Market Runtime | PEPPERSTONE:XAUUSD snapshot captured (live)
2026-04-23T17:09:46-06:00 | SMART MONEY - GOOD MONEY Market Runtime | FOREXCOM:US30 snapshot captured (live)
2026-04-23T17:10:17-06:00 | SMART MONEY - GOOD MONEY Market Runtime | PEPPERSTONE:XAUUSD snapshot captured (live)
2026-04-23T17:10:59-06:00 | SMART MONEY - GOOD MONEY Market Runtime | FOREXCOM:US30 snapshot captured (live)
2026-04-23T17:11:44-06:00 | SMART MONEY - GOOD MONEY Market Runtime | PEPPERSTONE:XAUUSD snapshot captured (live)
2026-04-23T17:12:40-06:00 | SMART MONEY - GOOD MONEY Market Runtime | FOREXCOM:US30 snapshot captured (live)
2026-04-23T17:13:10-06:00 | SMART MONEY - GOOD MONEY Market Runtime | PEPPERSTONE:XAUUSD snapshot captured (live)
2026-04-23T17:13:53-06:00 | SMART MONEY - GOOD MONEY Market Runtime | FOREXCOM:US30 snapshot captured (live)
2026-04-23T17:14:24-06:00 | SMART MONEY - GOOD MONEY Market Runtime | PEPPERSTONE:XAUUSD snapshot captured (live)
2026-04-23T17:15:07-06:00 | SMART MONEY - GOOD MONEY Market Runtime | FOREXCOM:US30 snapshot captured (live)
2026-04-23T17:15:39-06:00 | SMART MONEY - GOOD MONEY Market Runtime | PEPPERSTONE:XAUUSD snapshot captured (live)
2026-04-23T17:16:21-06:00 | SMART MONEY - GOOD MONEY Market Runtime | FOREXCOM:US30 snapshot captured (live)
2026-04-23T17:17:04-06:00 | SMART MONEY - GOOD MONEY Market Runtime | PEPPERSTONE:XAUUSD snapshot captured (live)
2026-04-23T17:17:58-06:00 | SMART MONEY - GOOD MONEY Market Runtime | FOREXCOM:US30 snapshot captured (live)
2026-04-23T17:18:29-06:00 | SMART MONEY - GOOD MONEY Market Runtime | PEPPERSTONE:XAUUSD snapshot captured (live)
2026-04-23T17:19:11-06:00 | SMART MONEY - GOOD MONEY Market Runtime | FOREXCOM:US30 snapshot captured (live)
2026-04-23T17:19:42-06:00 | SMART MONEY - GOOD MONEY Market Runtime | PEPPERSTONE:XAUUSD snapshot captured (live)
2026-04-23T17:20:25-06:00 | SMART MONEY - GOOD MONEY Market Runtime | FOREXCOM:US30 snapshot captured (live)
2026-04-23T17:20:57-06:00 | SMART MONEY - GOOD MONEY Market Runtime | PEPPERSTONE:XAUUSD snapshot captured (live)
2026-04-23T17:21:38-06:00 | SMART MONEY - GOOD MONEY Market Runtime | FOREXCOM:US30 snapshot captured (live)
2026-04-23T17:22:20-06:00 | SMART MONEY - GOOD MONEY Market Runtime | PEPPERSTONE:XAUUSD snapshot captured (live)
2026-04-23T17:23:14-06:00 | SMART MONEY - GOOD MONEY Market Runtime | FOREXCOM:US30 snapshot captured (live)
2026-04-23T17:23:43-06:00 | SMART MONEY - GOOD MONEY Market Runtime | PEPPERSTONE:XAUUSD snapshot captured (live)
2026-04-23T17:24:25-06:00 | SMART MONEY - GOOD MONEY Market Runtime | FOREXCOM:US30 snapshot captured (live)
2026-04-23T17:24:54-06:00 | SMART MONEY - GOOD MONEY Market Runtime | PEPPERSTONE:XAUUSD snapshot captured (live)
2026-04-23T17:25:36-06:00 | SMART MONEY - GOOD MONEY Market Runtime | FOREXCOM:US30 snapshot captured (live)
2026-04-23T17:26:06-06:00 | SMART MONEY - GOOD MONEY Market Runtime | PEPPERSTONE:XAUUSD snapshot captured (live)
2026-04-23T17:26:49-06:00 | SMART MONEY - GOOD MONEY Market Runtime | FOREXCOM:US30 snapshot captured (live)
2026-04-23T17:27:31-06:00 | SMART MONEY - GOOD MONEY Market Runtime | PEPPERSTONE:XAUUSD snapshot captured (live)
2026-04-23T17:28:24-06:00 | SMART MONEY - GOOD MONEY Market Runtime | FOREXCOM:US30 snapshot captured (live)
2026-04-23T17:28:54-06:00 | SMART MONEY - GOOD MONEY Market Runtime | PEPPERSTONE:XAUUSD snapshot captured (live)
2026-04-23T17:29:35-06:00 | SMART MONEY - GOOD MONEY Market Runtime | FOREXCOM:US30 snapshot captured (live)
2026-04-23T17:30:04-06:00 | SMART MONEY - GOOD MONEY Market Runtime | PEPPERSTONE:XAUUSD snapshot captured (live)
2026-04-23T17:30:45-06:00 | SMART MONEY - GOOD MONEY Market Runtime | FOREXCOM:US30 snapshot captured (live)
2026-04-23T17:31:15-06:00 | SMART MONEY - GOOD MONEY Market Runtime | PEPPERSTONE:XAUUSD snapshot captured (live)
2026-04-23T17:31:57-06:00 | SMART MONEY - GOOD MONEY Market Runtime | FOREXCOM:US30 snapshot captured (live)
2026-04-23T17:32:38-06:00 | SMART MONEY - GOOD MONEY Market Runtime | PEPPERSTONE:XAUUSD snapshot captured (live)
2026-04-23T17:33:31-06:00 | SMART MONEY - GOOD MONEY Market Runtime | FOREXCOM:US30 snapshot captured (live)
2026-04-23T17:34:00-06:00 | SMART MONEY - GOOD MONEY Market Runtime | PEPPERSTONE:XAUUSD snapshot captured (live)
2026-04-23T17:34:41-06:00 | SMART MONEY - GOOD MONEY Market Runtime | FOREXCOM:US30 snapshot captured (live)
2026-04-23T17:35:11-06:00 | SMART MONEY - GOOD MONEY Market Runtime | PEPPERSTONE:XAUUSD snapshot captured (live)
2026-04-23T17:35:53-06:00 | SMART MONEY - GOOD MONEY Market Runtime | FOREXCOM:US30 snapshot captured (live)
2026-04-23T17:36:23-06:00 | SMART MONEY - GOOD MONEY Market Runtime | PEPPERSTONE:XAUUSD snapshot captured (live)
2026-04-23T17:37:04-06:00 | SMART MONEY - GOOD MONEY Market Runtime | FOREXCOM:US30 snapshot captured (live)
2026-04-23T17:37:45-06:00 | SMART MONEY - GOOD MONEY Market Runtime | PEPPERSTONE:XAUUSD snapshot captured (live)
2026-04-23T17:38:38-06:00 | SMART MONEY - GOOD MONEY Market Runtime | FOREXCOM:US30 snapshot captured (live)
2026-04-23T17:39:07-06:00 | SMART MONEY - GOOD MONEY Market Runtime | PEPPERSTONE:XAUUSD snapshot captured (live)
2026-04-23T17:39:49-06:00 | SMART MONEY - GOOD MONEY Market Runtime | FOREXCOM:US30 snapshot captured (live)
2026-04-23T17:40:18-06:00 | SMART MONEY - GOOD MONEY Market Runtime | PEPPERSTONE:XAUUSD snapshot captured (live)
2026-04-23T17:41:00-06:00 | SMART MONEY - GOOD MONEY Market Runtime | FOREXCOM:US30 snapshot captured (live)
2026-04-23T17:41:29-06:00 | SMART MONEY - GOOD MONEY Market Runtime | PEPPERSTONE:XAUUSD snapshot captured (live)
2026-04-23T17:42:10-06:00 | SMART MONEY - GOOD MONEY Market Runtime | FOREXCOM:US30 snapshot captured (live)
2026-04-23T17:42:55-06:00 | SMART MONEY - GOOD MONEY Market Runtime | PEPPERSTONE:XAUUSD snapshot captured (live)
2026-04-23T17:43:48-06:00 | SMART MONEY - GOOD MONEY Market Runtime | FOREXCOM:US30 snapshot captured (live)
2026-04-23T17:44:20-06:00 | SMART MONEY - GOOD MONEY Market Runtime | PEPPERSTONE:XAUUSD snapshot captured (live)
2026-04-23T17:45:03-06:00 | SMART MONEY - GOOD MONEY Market Runtime | FOREXCOM:US30 snapshot captured (live)
2026-04-23T17:45:35-06:00 | SMART MONEY - GOOD MONEY Market Runtime | PEPPERSTONE:XAUUSD snapshot captured (live)
2026-04-23T17:46:18-06:00 | SMART MONEY - GOOD MONEY Market Runtime | FOREXCOM:US30 snapshot captured (live)
2026-04-23T17:46:49-06:00 | SMART MONEY - GOOD MONEY Market Runtime | PEPPERSTONE:XAUUSD snapshot captured (live)
2026-04-23T17:47:30-06:00 | SMART MONEY - GOOD MONEY Market Runtime | FOREXCOM:US30 snapshot captured (live)
2026-04-23T17:48:15-06:00 | SMART MONEY - GOOD MONEY Market Runtime | PEPPERSTONE:XAUUSD snapshot captured (live)
2026-04-23T17:49:13-06:00 | SMART MONEY - GOOD MONEY Market Runtime | FOREXCOM:US30 snapshot captured (live)
2026-04-23T17:49:45-06:00 | SMART MONEY - GOOD MONEY Market Runtime | PEPPERSTONE:XAUUSD snapshot captured (live)
2026-04-23T17:50:27-06:00 | SMART MONEY - GOOD MONEY Market Runtime | FOREXCOM:US30 snapshot captured (live)
2026-04-23T17:50:58-06:00 | SMART MONEY - GOOD MONEY Market Runtime | PEPPERSTONE:XAUUSD snapshot captured (live)
2026-04-23T17:51:41-06:00 | SMART MONEY - GOOD MONEY Market Runtime | FOREXCOM:US30 snapshot captured (live)
2026-04-23T17:52:12-06:00 | SMART MONEY - GOOD MONEY Market Runtime | PEPPERSTONE:XAUUSD snapshot captured (live)
2026-04-23T17:52:56-06:00 | SMART MONEY - GOOD MONEY Market Runtime | FOREXCOM:US30 snapshot captured (live)
2026-04-23T17:53:41-06:00 | SMART MONEY - GOOD MONEY Market Runtime | PEPPERSTONE:XAUUSD snapshot captured (live)
2026-04-23T17:54:35-06:00 | SMART MONEY - GOOD MONEY Market Runtime | FOREXCOM:US30 snapshot captured (live)
2026-04-23T17:55:05-06:00 | SMART MONEY - GOOD MONEY Market Runtime | PEPPERSTONE:XAUUSD snapshot captured (live)
2026-04-23T17:55:48-06:00 | SMART MONEY - GOOD MONEY Market Runtime | FOREXCOM:US30 snapshot captured (live)
2026-04-23T17:56:19-06:00 | SMART MONEY - GOOD MONEY Market Runtime | PEPPERSTONE:XAUUSD snapshot captured (live)
2026-04-23T17:57:02-06:00 | SMART MONEY - GOOD MONEY Market Runtime | FOREXCOM:US30 snapshot captured (live)
2026-04-23T17:57:33-06:00 | SMART MONEY - GOOD MONEY Market Runtime | PEPPERSTONE:XAUUSD snapshot captured (live)
2026-04-23T17:58:16-06:00 | SMART MONEY - GOOD MONEY Market Runtime | FOREXCOM:US30 snapshot captured (live)
2026-04-23T17:58:59-06:00 | SMART MONEY - GOOD MONEY Market Runtime | PEPPERSTONE:XAUUSD snapshot captured (live)
2026-04-23T17:59:54-06:00 | SMART MONEY - GOOD MONEY Market Runtime | FOREXCOM:US30 snapshot captured (live)
2026-04-23T18:00:24-06:00 | SMART MONEY - GOOD MONEY Market Runtime | PEPPERSTONE:XAUUSD snapshot captured (live)
2026-04-23T18:01:06-06:00 | SMART MONEY - GOOD MONEY Market Runtime | FOREXCOM:US30 snapshot captured (live)
2026-04-23T18:01:37-06:00 | SMART MONEY - GOOD MONEY Market Runtime | PEPPERSTONE:XAUUSD snapshot captured (live)
2026-04-23T18:02:19-06:00 | SMART MONEY - GOOD MONEY Market Runtime | FOREXCOM:US30 snapshot captured (live)
2026-04-23T18:02:51-06:00 | SMART MONEY - GOOD MONEY Market Runtime | PEPPERSTONE:XAUUSD snapshot captured (live)
2026-04-23T18:03:33-06:00 | SMART MONEY - GOOD MONEY Market Runtime | FOREXCOM:US30 snapshot captured (live)
2026-04-23T18:04:16-06:00 | SMART MONEY - GOOD MONEY Market Runtime | PEPPERSTONE:XAUUSD snapshot captured (live)
2026-04-23T18:05:12-06:00 | SMART MONEY - GOOD MONEY Market Runtime | FOREXCOM:US30 snapshot captured (live)
2026-04-23T18:05:43-06:00 | SMART MONEY - GOOD MONEY Market Runtime | PEPPERSTONE:XAUUSD snapshot captured (live)
2026-04-23T18:06:26-06:00 | SMART MONEY - GOOD MONEY Market Runtime | FOREXCOM:US30 snapshot captured (live)
2026-04-23T18:06:58-06:00 | SMART MONEY - GOOD MONEY Market Runtime | PEPPERSTONE:XAUUSD snapshot captured (live)
2026-04-23T18:07:41-06:00 | SMART MONEY - GOOD MONEY Market Runtime | FOREXCOM:US30 snapshot captured (live)
2026-04-23T18:08:12-06:00 | SMART MONEY - GOOD MONEY Market Runtime | PEPPERSTONE:XAUUSD snapshot captured (live)
2026-04-23T18:08:54-06:00 | SMART MONEY - GOOD MONEY Market Runtime | FOREXCOM:US30 snapshot captured (live)
2026-04-23T18:09:39-06:00 | SMART MONEY - GOOD MONEY Market Runtime | PEPPERSTONE:XAUUSD snapshot captured (live)
2026-04-23T18:10:34-06:00 | SMART MONEY - GOOD MONEY Market Runtime | FOREXCOM:US30 snapshot captured (live)
2026-04-23T18:11:04-06:00 | SMART MONEY - GOOD MONEY Market Runtime | PEPPERSTONE:XAUUSD snapshot captured (live)
2026-04-23T18:11:47-06:00 | SMART MONEY - GOOD MONEY Market Runtime | FOREXCOM:US30 snapshot captured (live)
2026-04-23T18:12:21-06:00 | SMART MONEY - GOOD MONEY Market Runtime | PEPPERSTONE:XAUUSD snapshot captured (live)
2026-04-23T18:13:06-06:00 | SMART MONEY - GOOD MONEY Market Runtime | FOREXCOM:US30 snapshot captured (live)
2026-04-23T18:13:41-06:00 | SMART MONEY - GOOD MONEY Market Runtime | PEPPERSTONE:XAUUSD snapshot captured (live)
2026-04-23T18:14:26-06:00 | SMART MONEY - GOOD MONEY Market Runtime | FOREXCOM:US30 snapshot captured (live)
2026-04-23T18:15:10-06:00 | SMART MONEY - GOOD MONEY Market Runtime | PEPPERSTONE:XAUUSD snapshot captured (live)
2026-04-23T18:16:07-06:00 | SMART MONEY - GOOD MONEY Market Runtime | FOREXCOM:US30 snapshot captured (live)
2026-04-23T18:16:39-06:00 | SMART MONEY - GOOD MONEY Market Runtime | PEPPERSTONE:XAUUSD snapshot captured (live)
2026-04-23T18:17:20-06:00 | SMART MONEY - GOOD MONEY Market Runtime | FOREXCOM:US30 snapshot captured (live)
2026-04-23T18:17:52-06:00 | SMART MONEY - GOOD MONEY Market Runtime | PEPPERSTONE:XAUUSD snapshot captured (live)
2026-04-23T18:18:33-06:00 | SMART MONEY - GOOD MONEY Market Runtime | FOREXCOM:US30 snapshot captured (live)
2026-04-23T18:19:03-06:00 | SMART MONEY - GOOD MONEY Market Runtime | PEPPERSTONE:XAUUSD snapshot captured (live)
2026-04-23T18:19:46-06:00 | SMART MONEY - GOOD MONEY Market Runtime | FOREXCOM:US30 snapshot captured (live)
2026-04-23T18:20:30-06:00 | SMART MONEY - GOOD MONEY Market Runtime | PEPPERSTONE:XAUUSD snapshot captured (live)
2026-04-23T18:21:25-06:00 | SMART MONEY - GOOD MONEY Market Runtime | FOREXCOM:US30 snapshot captured (live)
2026-04-23T18:21:55-06:00 | SMART MONEY - GOOD MONEY Market Runtime | PEPPERSTONE:XAUUSD snapshot captured (live)
2026-04-23T18:22:36-06:00 | SMART MONEY - GOOD MONEY Market Runtime | FOREXCOM:US30 snapshot captured (live)
2026-04-23T18:23:06-06:00 | SMART MONEY - GOOD MONEY Market Runtime | PEPPERSTONE:XAUUSD snapshot captured (live)
2026-04-23T18:23:47-06:00 | SMART MONEY - GOOD MONEY Market Runtime | FOREXCOM:US30 snapshot captured (live)
2026-04-23T18:24:17-06:00 | SMART MONEY - GOOD MONEY Market Runtime | PEPPERSTONE:XAUUSD snapshot captured (live)
2026-04-23T18:25:00-06:00 | SMART MONEY - GOOD MONEY Market Runtime | FOREXCOM:US30 snapshot captured (live)
2026-04-23T18:25:40-06:00 | SMART MONEY - GOOD MONEY Market Runtime | PEPPERSTONE:XAUUSD snapshot captured (live)
2026-04-23T18:26:34-06:00 | SMART MONEY - GOOD MONEY Market Runtime | FOREXCOM:US30 snapshot captured (live)
2026-04-23T18:27:04-06:00 | SMART MONEY - GOOD MONEY Market Runtime | PEPPERSTONE:XAUUSD snapshot captured (live)
2026-04-23T18:27:46-06:00 | SMART MONEY - GOOD MONEY Market Runtime | FOREXCOM:US30 snapshot captured (live)
2026-04-23T18:28:16-06:00 | SMART MONEY - GOOD MONEY Market Runtime | PEPPERSTONE:XAUUSD snapshot captured (live)
2026-04-23T18:28:58-06:00 | SMART MONEY - GOOD MONEY Market Runtime | FOREXCOM:US30 snapshot captured (live)
2026-04-23T18:29:29-06:00 | SMART MONEY - GOOD MONEY Market Runtime | PEPPERSTONE:XAUUSD snapshot captured (live)
2026-04-23T18:30:11-06:00 | SMART MONEY - GOOD MONEY Market Runtime | FOREXCOM:US30 snapshot captured (live)
2026-04-23T18:30:52-06:00 | SMART MONEY - GOOD MONEY Market Runtime | PEPPERSTONE:XAUUSD snapshot captured (live)
2026-04-23T18:31:44-06:00 | SMART MONEY - GOOD MONEY Market Runtime | FOREXCOM:US30 snapshot captured (live)
2026-04-23T18:32:14-06:00 | SMART MONEY - GOOD MONEY Market Runtime | PEPPERSTONE:XAUUSD snapshot captured (live)
2026-04-23T18:32:55-06:00 | SMART MONEY - GOOD MONEY Market Runtime | FOREXCOM:US30 snapshot captured (live)
2026-04-23T18:33:26-06:00 | SMART MONEY - GOOD MONEY Market Runtime | PEPPERSTONE:XAUUSD snapshot captured (live)
2026-04-23T18:34:08-06:00 | SMART MONEY - GOOD MONEY Market Runtime | FOREXCOM:US30 snapshot captured (live)
2026-04-23T18:34:38-06:00 | SMART MONEY - GOOD MONEY Market Runtime | PEPPERSTONE:XAUUSD snapshot captured (live)
2026-04-23T18:35:21-06:00 | SMART MONEY - GOOD MONEY Market Runtime | FOREXCOM:US30 snapshot captured (live)
2026-04-23T18:36:02-06:00 | SMART MONEY - GOOD MONEY Market Runtime | PEPPERSTONE:XAUUSD snapshot captured (live)
2026-04-23T18:36:55-06:00 | SMART MONEY - GOOD MONEY Market Runtime | FOREXCOM:US30 snapshot captured (live)
2026-04-23T18:37:26-06:00 | SMART MONEY - GOOD MONEY Market Runtime | PEPPERSTONE:XAUUSD snapshot captured (live)
2026-04-23T18:38:07-06:00 | SMART MONEY - GOOD MONEY Market Runtime | FOREXCOM:US30 snapshot captured (live)
2026-04-23T18:38:38-06:00 | SMART MONEY - GOOD MONEY Market Runtime | PEPPERSTONE:XAUUSD snapshot captured (live)
2026-04-23T18:39:19-06:00 | SMART MONEY - GOOD MONEY Market Runtime | FOREXCOM:US30 snapshot captured (live)
2026-04-23T18:39:49-06:00 | SMART MONEY - GOOD MONEY Market Runtime | PEPPERSTONE:XAUUSD snapshot captured (live)
2026-04-23T18:40:31-06:00 | SMART MONEY - GOOD MONEY Market Runtime | FOREXCOM:US30 snapshot captured (live)
2026-04-23T18:41:11-06:00 | SMART MONEY - GOOD MONEY Market Runtime | PEPPERSTONE:XAUUSD snapshot captured (live)
2026-04-23T18:42:04-06:00 | SMART MONEY - GOOD MONEY Market Runtime | FOREXCOM:US30 snapshot captured (live)
2026-04-23T18:42:34-06:00 | SMART MONEY - GOOD MONEY Market Runtime | PEPPERSTONE:XAUUSD snapshot captured (live)
2026-04-23T18:43:16-06:00 | SMART MONEY - GOOD MONEY Market Runtime | FOREXCOM:US30 snapshot captured (live)
2026-04-23T18:43:46-06:00 | SMART MONEY - GOOD MONEY Market Runtime | PEPPERSTONE:XAUUSD snapshot captured (live)
2026-04-23T18:44:28-06:00 | SMART MONEY - GOOD MONEY Market Runtime | FOREXCOM:US30 snapshot captured (live)
2026-04-23T18:44:58-06:00 | SMART MONEY - GOOD MONEY Market Runtime | PEPPERSTONE:XAUUSD snapshot captured (live)
2026-04-23T18:45:40-06:00 | SMART MONEY - GOOD MONEY Market Runtime | FOREXCOM:US30 snapshot captured (live)
2026-04-23T18:46:21-06:00 | SMART MONEY - GOOD MONEY Market Runtime | PEPPERSTONE:XAUUSD snapshot captured (live)
2026-04-23T18:47:14-06:00 | SMART MONEY - GOOD MONEY Market Runtime | FOREXCOM:US30 snapshot captured (live)
2026-04-23T18:47:44-06:00 | SMART MONEY - GOOD MONEY Market Runtime | PEPPERSTONE:XAUUSD snapshot captured (live)
2026-04-23T18:48:25-06:00 | SMART MONEY - GOOD MONEY Market Runtime | FOREXCOM:US30 snapshot captured (live)
2026-04-23T18:48:55-06:00 | SMART MONEY - GOOD MONEY Market Runtime | PEPPERSTONE:XAUUSD snapshot captured (live)
2026-04-23T18:49:36-06:00 | SMART MONEY - GOOD MONEY Market Runtime | FOREXCOM:US30 snapshot captured (live)
2026-04-23T18:50:06-06:00 | SMART MONEY - GOOD MONEY Market Runtime | PEPPERSTONE:XAUUSD snapshot captured (live)
2026-04-23T18:50:48-06:00 | SMART MONEY - GOOD MONEY Market Runtime | FOREXCOM:US30 snapshot captured (live)
2026-04-23T18:51:30-06:00 | SMART MONEY - GOOD MONEY Market Runtime | PEPPERSTONE:XAUUSD snapshot captured (live)
2026-04-23T18:52:23-06:00 | SMART MONEY - GOOD MONEY Market Runtime | FOREXCOM:US30 snapshot captured (live)
2026-04-23T18:52:54-06:00 | SMART MONEY - GOOD MONEY Market Runtime | PEPPERSTONE:XAUUSD snapshot captured (live)
2026-04-23T18:53:35-06:00 | SMART MONEY - GOOD MONEY Market Runtime | FOREXCOM:US30 snapshot captured (live)
2026-04-23T18:54:05-06:00 | SMART MONEY - GOOD MONEY Market Runtime | PEPPERSTONE:XAUUSD snapshot captured (live)
2026-04-23T18:54:47-06:00 | SMART MONEY - GOOD MONEY Market Runtime | FOREXCOM:US30 snapshot captured (live)
2026-04-23T18:55:17-06:00 | SMART MONEY - GOOD MONEY Market Runtime | PEPPERSTONE:XAUUSD snapshot captured (live)
2026-04-23T18:55:59-06:00 | SMART MONEY - GOOD MONEY Market Runtime | FOREXCOM:US30 snapshot captured (live)
2026-04-23T18:56:41-06:00 | SMART MONEY - GOOD MONEY Market Runtime | PEPPERSTONE:XAUUSD snapshot captured (live)
2026-04-23T18:57:34-06:00 | SMART MONEY - GOOD MONEY Market Runtime | FOREXCOM:US30 snapshot captured (live)
2026-04-23T18:58:04-06:00 | SMART MONEY - GOOD MONEY Market Runtime | PEPPERSTONE:XAUUSD snapshot captured (live)
2026-04-23T18:58:46-06:00 | SMART MONEY - GOOD MONEY Market Runtime | FOREXCOM:US30 snapshot captured (live)
2026-04-23T18:59:15-06:00 | SMART MONEY - GOOD MONEY Market Runtime | PEPPERSTONE:XAUUSD snapshot captured (live)
2026-04-23T18:59:57-06:00 | SMART MONEY - GOOD MONEY Market Runtime | FOREXCOM:US30 snapshot captured (live)
2026-04-23T19:00:27-06:00 | SMART MONEY - GOOD MONEY Market Runtime | PEPPERSTONE:XAUUSD snapshot captured (live)
2026-04-23T19:01:09-06:00 | SMART MONEY - GOOD MONEY Market Runtime | FOREXCOM:US30 snapshot captured (live)
2026-04-23T19:01:48-06:00 | SMART MONEY - GOOD MONEY Market Runtime | PEPPERSTONE:XAUUSD snapshot captured (live)
2026-04-23T19:02:41-06:00 | SMART MONEY - GOOD MONEY Market Runtime | FOREXCOM:US30 snapshot captured (live)
2026-04-23T19:03:12-06:00 | SMART MONEY - GOOD MONEY Market Runtime | PEPPERSTONE:XAUUSD snapshot captured (live)
2026-04-23T19:03:53-06:00 | SMART MONEY - GOOD MONEY Market Runtime | FOREXCOM:US30 snapshot captured (live)
2026-04-23T19:04:22-06:00 | SMART MONEY - GOOD MONEY Market Runtime | PEPPERSTONE:XAUUSD snapshot captured (live)
2026-04-23T19:05:04-06:00 | SMART MONEY - GOOD MONEY Market Runtime | FOREXCOM:US30 snapshot captured (live)
2026-04-23T19:05:35-06:00 | SMART MONEY - GOOD MONEY Market Runtime | PEPPERSTONE:XAUUSD snapshot captured (live)
2026-04-23T19:06:17-06:00 | SMART MONEY - GOOD MONEY Market Runtime | FOREXCOM:US30 snapshot captured (live)
2026-04-23T19:06:58-06:00 | SMART MONEY - GOOD MONEY Market Runtime | PEPPERSTONE:XAUUSD snapshot captured (live)
2026-04-23T19:07:52-06:00 | SMART MONEY - GOOD MONEY Market Runtime | FOREXCOM:US30 snapshot captured (live)
2026-04-23T19:08:22-06:00 | SMART MONEY - GOOD MONEY Market Runtime | PEPPERSTONE:XAUUSD snapshot captured (live)
2026-04-23T19:09:03-06:00 | SMART MONEY - GOOD MONEY Market Runtime | FOREXCOM:US30 snapshot captured (live)
2026-04-23T19:09:35-06:00 | SMART MONEY - GOOD MONEY Market Runtime | PEPPERSTONE:XAUUSD snapshot captured (live)
2026-04-23T19:10:17-06:00 | SMART MONEY - GOOD MONEY Market Runtime | FOREXCOM:US30 snapshot captured (live)
2026-04-23T19:10:47-06:00 | SMART MONEY - GOOD MONEY Market Runtime | PEPPERSTONE:XAUUSD snapshot captured (live)
2026-04-23T19:11:29-06:00 | SMART MONEY - GOOD MONEY Market Runtime | FOREXCOM:US30 snapshot captured (live)
2026-04-23T19:12:11-06:00 | SMART MONEY - GOOD MONEY Market Runtime | PEPPERSTONE:XAUUSD snapshot captured (live)
2026-04-23T19:13:06-06:00 | SMART MONEY - GOOD MONEY Market Runtime | FOREXCOM:US30 snapshot captured (live)
2026-04-23T19:13:36-06:00 | SMART MONEY - GOOD MONEY Market Runtime | PEPPERSTONE:XAUUSD snapshot captured (live)
2026-04-23T19:14:18-06:00 | SMART MONEY - GOOD MONEY Market Runtime | FOREXCOM:US30 snapshot captured (live)
2026-04-23T19:14:49-06:00 | SMART MONEY - GOOD MONEY Market Runtime | PEPPERSTONE:XAUUSD snapshot captured (live)
2026-04-23T19:15:31-06:00 | SMART MONEY - GOOD MONEY Market Runtime | FOREXCOM:US30 snapshot captured (live)
2026-04-23T19:16:01-06:00 | SMART MONEY - GOOD MONEY Market Runtime | PEPPERSTONE:XAUUSD snapshot captured (live)
2026-04-23T19:16:44-06:00 | SMART MONEY - GOOD MONEY Market Runtime | FOREXCOM:US30 snapshot captured (live)
2026-04-23T19:17:26-06:00 | SMART MONEY - GOOD MONEY Market Runtime | PEPPERSTONE:XAUUSD snapshot captured (live)
2026-04-23T19:18:20-06:00 | SMART MONEY - GOOD MONEY Market Runtime | FOREXCOM:US30 snapshot captured (live)
2026-04-23T19:18:50-06:00 | SMART MONEY - GOOD MONEY Market Runtime | PEPPERSTONE:XAUUSD snapshot captured (live)
2026-04-23T19:19:31-06:00 | SMART MONEY - GOOD MONEY Market Runtime | FOREXCOM:US30 snapshot captured (live)
2026-04-23T19:20:02-06:00 | SMART MONEY - GOOD MONEY Market Runtime | PEPPERSTONE:XAUUSD snapshot captured (live)
2026-04-23T19:20:44-06:00 | SMART MONEY - GOOD MONEY Market Runtime | FOREXCOM:US30 snapshot captured (live)
2026-04-23T19:21:15-06:00 | SMART MONEY - GOOD MONEY Market Runtime | PEPPERSTONE:XAUUSD snapshot captured (live)
2026-04-23T19:21:56-06:00 | SMART MONEY - GOOD MONEY Market Runtime | FOREXCOM:US30 snapshot captured (live)
2026-04-23T19:22:38-06:00 | SMART MONEY - GOOD MONEY Market Runtime | PEPPERSTONE:XAUUSD snapshot captured (live)
2026-04-23T19:23:32-06:00 | SMART MONEY - GOOD MONEY Market Runtime | FOREXCOM:US30 snapshot captured (live)
2026-04-23T19:24:02-06:00 | SMART MONEY - GOOD MONEY Market Runtime | PEPPERSTONE:XAUUSD snapshot captured (live)
2026-04-23T19:24:44-06:00 | SMART MONEY - GOOD MONEY Market Runtime | FOREXCOM:US30 snapshot captured (live)
2026-04-23T19:25:15-06:00 | SMART MONEY - GOOD MONEY Market Runtime | PEPPERSTONE:XAUUSD snapshot captured (live)
2026-04-23T19:25:57-06:00 | SMART MONEY - GOOD MONEY Market Runtime | FOREXCOM:US30 snapshot captured (live)
2026-04-23T19:26:28-06:00 | SMART MONEY - GOOD MONEY Market Runtime | PEPPERSTONE:XAUUSD snapshot captured (live)
2026-04-23T19:27:10-06:00 | SMART MONEY - GOOD MONEY Market Runtime | FOREXCOM:US30 snapshot captured (live)
2026-04-23T19:27:52-06:00 | SMART MONEY - GOOD MONEY Market Runtime | PEPPERSTONE:XAUUSD snapshot captured (live)
2026-04-23T19:28:45-06:00 | SMART MONEY - GOOD MONEY Market Runtime | FOREXCOM:US30 snapshot captured (live)
2026-04-23T19:29:14-06:00 | SMART MONEY - GOOD MONEY Market Runtime | PEPPERSTONE:XAUUSD snapshot captured (live)
2026-04-23T19:29:56-06:00 | SMART MONEY - GOOD MONEY Market Runtime | FOREXCOM:US30 snapshot captured (live)
2026-04-23T19:30:26-06:00 | SMART MONEY - GOOD MONEY Market Runtime | PEPPERSTONE:XAUUSD snapshot captured (live)
2026-04-23T19:31:08-06:00 | SMART MONEY - GOOD MONEY Market Runtime | FOREXCOM:US30 snapshot captured (live)
2026-04-23T19:31:37-06:00 | SMART MONEY - GOOD MONEY Market Runtime | PEPPERSTONE:XAUUSD snapshot captured (live)
2026-04-23T19:32:21-06:00 | SMART MONEY - GOOD MONEY Market Runtime | FOREXCOM:US30 snapshot captured (live)
2026-04-23T19:33:03-06:00 | SMART MONEY - GOOD MONEY Market Runtime | PEPPERSTONE:XAUUSD snapshot captured (live)
2026-04-23T19:33:55-06:00 | SMART MONEY - GOOD MONEY Market Runtime | FOREXCOM:US30 snapshot captured (live)
2026-04-23T19:34:25-06:00 | SMART MONEY - GOOD MONEY Market Runtime | PEPPERSTONE:XAUUSD snapshot captured (live)
2026-04-23T19:35:07-06:00 | SMART MONEY - GOOD MONEY Market Runtime | FOREXCOM:US30 snapshot captured (live)
2026-04-23T19:35:38-06:00 | SMART MONEY - GOOD MONEY Market Runtime | PEPPERSTONE:XAUUSD snapshot captured (live)
2026-04-23T19:36:20-06:00 | SMART MONEY - GOOD MONEY Market Runtime | FOREXCOM:US30 snapshot captured (live)
2026-04-23T19:36:51-06:00 | SMART MONEY - GOOD MONEY Market Runtime | PEPPERSTONE:XAUUSD snapshot captured (live)
2026-04-23T19:37:33-06:00 | SMART MONEY - GOOD MONEY Market Runtime | FOREXCOM:US30 snapshot captured (live)
2026-04-23T19:38:17-06:00 | SMART MONEY - GOOD MONEY Market Runtime | PEPPERSTONE:XAUUSD snapshot captured (live)
2026-04-23T19:39:10-06:00 | SMART MONEY - GOOD MONEY Market Runtime | FOREXCOM:US30 snapshot captured (live)
2026-04-23T19:39:41-06:00 | SMART MONEY - GOOD MONEY Market Runtime | PEPPERSTONE:XAUUSD snapshot captured (live)
2026-04-23T19:40:24-06:00 | SMART MONEY - GOOD MONEY Market Runtime | FOREXCOM:US30 snapshot captured (live)
2026-04-23T19:40:56-06:00 | SMART MONEY - GOOD MONEY Market Runtime | PEPPERSTONE:XAUUSD snapshot captured (live)
2026-04-23T19:41:40-06:00 | SMART MONEY - GOOD MONEY Market Runtime | FOREXCOM:US30 snapshot captured (live)
2026-04-23T19:42:12-06:00 | SMART MONEY - GOOD MONEY Market Runtime | PEPPERSTONE:XAUUSD snapshot captured (live)
2026-04-23T19:42:54-06:00 | SMART MONEY - GOOD MONEY Market Runtime | FOREXCOM:US30 snapshot captured (live)
2026-04-23T19:43:36-06:00 | SMART MONEY - GOOD MONEY Market Runtime | PEPPERSTONE:XAUUSD snapshot captured (live)
2026-04-23T19:44:30-06:00 | SMART MONEY - GOOD MONEY Market Runtime | FOREXCOM:US30 snapshot captured (live)
2026-04-23T19:45:00-06:00 | SMART MONEY - GOOD MONEY Market Runtime | PEPPERSTONE:XAUUSD snapshot captured (live)
2026-04-23T19:45:43-06:00 | SMART MONEY - GOOD MONEY Market Runtime | FOREXCOM:US30 snapshot captured (live)
2026-04-23T19:46:14-06:00 | SMART MONEY - GOOD MONEY Market Runtime | PEPPERSTONE:XAUUSD snapshot captured (live)
2026-04-23T19:46:55-06:00 | SMART MONEY - GOOD MONEY Market Runtime | FOREXCOM:US30 snapshot captured (live)
2026-04-23T19:47:25-06:00 | SMART MONEY - GOOD MONEY Market Runtime | PEPPERSTONE:XAUUSD snapshot captured (live)
2026-04-23T19:48:07-06:00 | SMART MONEY - GOOD MONEY Market Runtime | FOREXCOM:US30 snapshot captured (live)
2026-04-23T19:48:49-06:00 | SMART MONEY - GOOD MONEY Market Runtime | PEPPERSTONE:XAUUSD snapshot captured (live)
2026-04-23T19:49:43-06:00 | SMART MONEY - GOOD MONEY Market Runtime | FOREXCOM:US30 snapshot captured (live)
2026-04-23T19:50:14-06:00 | SMART MONEY - GOOD MONEY Market Runtime | PEPPERSTONE:XAUUSD snapshot captured (live)
2026-04-23T19:50:55-06:00 | SMART MONEY - GOOD MONEY Market Runtime | FOREXCOM:US30 snapshot captured (live)
2026-04-23T19:51:26-06:00 | SMART MONEY - GOOD MONEY Market Runtime | PEPPERSTONE:XAUUSD snapshot captured (live)
2026-04-23T19:52:07-06:00 | SMART MONEY - GOOD MONEY Market Runtime | FOREXCOM:US30 snapshot captured (live)
2026-04-23T19:52:38-06:00 | SMART MONEY - GOOD MONEY Market Runtime | PEPPERSTONE:XAUUSD snapshot captured (live)
2026-04-23T19:53:21-06:00 | SMART MONEY - GOOD MONEY Market Runtime | FOREXCOM:US30 snapshot captured (live)
2026-04-23T19:54:04-06:00 | SMART MONEY - GOOD MONEY Market Runtime | PEPPERSTONE:XAUUSD snapshot captured (live)
2026-04-23T19:54:57-06:00 | SMART MONEY - GOOD MONEY Market Runtime | FOREXCOM:US30 snapshot captured (live)
2026-04-23T19:55:28-06:00 | SMART MONEY - GOOD MONEY Market Runtime | PEPPERSTONE:XAUUSD snapshot captured (live)
2026-04-23T19:56:09-06:00 | SMART MONEY - GOOD MONEY Market Runtime | FOREXCOM:US30 snapshot captured (live)
2026-04-23T19:56:40-06:00 | SMART MONEY - GOOD MONEY Market Runtime | PEPPERSTONE:XAUUSD snapshot captured (live)
2026-04-23T19:57:22-06:00 | SMART MONEY - GOOD MONEY Market Runtime | FOREXCOM:US30 snapshot captured (live)
2026-04-23T19:57:53-06:00 | SMART MONEY - GOOD MONEY Market Runtime | PEPPERSTONE:XAUUSD snapshot captured (live)
2026-04-23T19:58:36-06:00 | SMART MONEY - GOOD MONEY Market Runtime | FOREXCOM:US30 snapshot captured (live)
2026-04-23T19:59:17-06:00 | SMART MONEY - GOOD MONEY Market Runtime | PEPPERSTONE:XAUUSD snapshot captured (live)
2026-04-23T20:00:11-06:00 | SMART MONEY - GOOD MONEY Market Runtime | FOREXCOM:US30 snapshot captured (live)
2026-04-23T20:00:42-06:00 | SMART MONEY - GOOD MONEY Market Runtime | PEPPERSTONE:XAUUSD snapshot captured (live)
2026-04-23T20:01:25-06:00 | SMART MONEY - GOOD MONEY Market Runtime | FOREXCOM:US30 snapshot captured (live)
2026-04-23T20:01:55-06:00 | SMART MONEY - GOOD MONEY Market Runtime | PEPPERSTONE:XAUUSD snapshot captured (live)
2026-04-23T20:02:37-06:00 | SMART MONEY - GOOD MONEY Market Runtime | FOREXCOM:US30 snapshot captured (live)
2026-04-23T20:03:07-06:00 | SMART MONEY - GOOD MONEY Market Runtime | PEPPERSTONE:XAUUSD snapshot captured (live)
2026-04-23T20:03:50-06:00 | SMART MONEY - GOOD MONEY Market Runtime | FOREXCOM:US30 snapshot captured (live)
2026-04-23T20:04:32-06:00 | SMART MONEY - GOOD MONEY Market Runtime | PEPPERSTONE:XAUUSD snapshot captured (live)
2026-04-23T20:05:23-06:00 | SMART MONEY - GOOD MONEY Market Runtime | FOREXCOM:US30 snapshot captured (live)
2026-04-23T20:05:54-06:00 | SMART MONEY - GOOD MONEY Market Runtime | PEPPERSTONE:XAUUSD snapshot captured (live)
2026-04-23T20:06:35-06:00 | SMART MONEY - GOOD MONEY Market Runtime | FOREXCOM:US30 snapshot captured (live)
2026-04-23T20:07:06-06:00 | SMART MONEY - GOOD MONEY Market Runtime | PEPPERSTONE:XAUUSD snapshot captured (live)
2026-04-23T20:07:49-06:00 | SMART MONEY - GOOD MONEY Market Runtime | FOREXCOM:US30 snapshot captured (live)
2026-04-23T20:08:22-06:00 | SMART MONEY - GOOD MONEY Market Runtime | PEPPERSTONE:XAUUSD snapshot captured (live)
2026-04-23T20:09:05-06:00 | SMART MONEY - GOOD MONEY Market Runtime | FOREXCOM:US30 snapshot captured (live)
2026-04-23T20:09:47-06:00 | SMART MONEY - GOOD MONEY Market Runtime | PEPPERSTONE:XAUUSD snapshot captured (live)
2026-04-23T20:10:39-06:00 | SMART MONEY - GOOD MONEY Market Runtime | FOREXCOM:US30 snapshot captured (live)
2026-04-23T20:11:09-06:00 | SMART MONEY - GOOD MONEY Market Runtime | PEPPERSTONE:XAUUSD snapshot captured (live)
2026-04-23T20:11:50-06:00 | SMART MONEY - GOOD MONEY Market Runtime | FOREXCOM:US30 snapshot captured (live)
2026-04-23T20:12:21-06:00 | SMART MONEY - GOOD MONEY Market Runtime | PEPPERSTONE:XAUUSD snapshot captured (live)
2026-04-23T20:13:03-06:00 | SMART MONEY - GOOD MONEY Market Runtime | FOREXCOM:US30 snapshot captured (live)
2026-04-23T20:13:34-06:00 | SMART MONEY - GOOD MONEY Market Runtime | PEPPERSTONE:XAUUSD snapshot captured (live)
2026-04-23T20:14:16-06:00 | SMART MONEY - GOOD MONEY Market Runtime | FOREXCOM:US30 snapshot captured (live)
2026-04-23T20:14:58-06:00 | SMART MONEY - GOOD MONEY Market Runtime | PEPPERSTONE:XAUUSD snapshot captured (live)
2026-04-23T20:15:54-06:00 | SMART MONEY - GOOD MONEY Market Runtime | FOREXCOM:US30 snapshot captured (live)
2026-04-23T20:16:25-06:00 | SMART MONEY - GOOD MONEY Market Runtime | PEPPERSTONE:XAUUSD snapshot captured (live)
2026-04-23T20:17:08-06:00 | SMART MONEY - GOOD MONEY Market Runtime | FOREXCOM:US30 snapshot captured (live)
2026-04-23T20:17:39-06:00 | SMART MONEY - GOOD MONEY Market Runtime | PEPPERSTONE:XAUUSD snapshot captured (live)
2026-04-23T20:18:21-06:00 | SMART MONEY - GOOD MONEY Market Runtime | FOREXCOM:US30 snapshot captured (live)
2026-04-23T20:18:51-06:00 | SMART MONEY - GOOD MONEY Market Runtime | PEPPERSTONE:XAUUSD snapshot captured (live)
2026-04-23T20:19:32-06:00 | SMART MONEY - GOOD MONEY Market Runtime | FOREXCOM:US30 snapshot captured (live)
2026-04-23T20:20:14-06:00 | SMART MONEY - GOOD MONEY Market Runtime | PEPPERSTONE:XAUUSD snapshot captured (live)
2026-04-23T20:21:08-06:00 | SMART MONEY - GOOD MONEY Market Runtime | FOREXCOM:US30 snapshot captured (live)
2026-04-23T20:21:39-06:00 | SMART MONEY - GOOD MONEY Market Runtime | PEPPERSTONE:XAUUSD snapshot captured (live)
2026-04-23T20:22:21-06:00 | SMART MONEY - GOOD MONEY Market Runtime | FOREXCOM:US30 snapshot captured (live)
2026-04-23T20:22:51-06:00 | SMART MONEY - GOOD MONEY Market Runtime | PEPPERSTONE:XAUUSD snapshot captured (live)
2026-04-23T20:23:34-06:00 | SMART MONEY - GOOD MONEY Market Runtime | FOREXCOM:US30 snapshot captured (live)
2026-04-23T20:24:04-06:00 | SMART MONEY - GOOD MONEY Market Runtime | PEPPERSTONE:XAUUSD snapshot captured (live)
2026-04-23T20:24:46-06:00 | SMART MONEY - GOOD MONEY Market Runtime | FOREXCOM:US30 snapshot captured (live)
2026-04-23T20:25:28-06:00 | SMART MONEY - GOOD MONEY Market Runtime | PEPPERSTONE:XAUUSD snapshot captured (live)
2026-04-23T20:26:22-06:00 | SMART MONEY - GOOD MONEY Market Runtime | FOREXCOM:US30 snapshot captured (live)
2026-04-23T20:26:53-06:00 | SMART MONEY - GOOD MONEY Market Runtime | PEPPERSTONE:XAUUSD snapshot captured (live)
2026-04-23T20:27:35-06:00 | SMART MONEY - GOOD MONEY Market Runtime | FOREXCOM:US30 snapshot captured (live)
2026-04-23T20:28:06-06:00 | SMART MONEY - GOOD MONEY Market Runtime | PEPPERSTONE:XAUUSD snapshot captured (live)
2026-04-23T20:28:49-06:00 | SMART MONEY - GOOD MONEY Market Runtime | FOREXCOM:US30 snapshot captured (live)
2026-04-23T20:29:19-06:00 | SMART MONEY - GOOD MONEY Market Runtime | PEPPERSTONE:XAUUSD snapshot captured (live)
2026-04-23T20:30:01-06:00 | SMART MONEY - GOOD MONEY Market Runtime | FOREXCOM:US30 snapshot captured (live)
2026-04-23T20:30:45-06:00 | SMART MONEY - GOOD MONEY Market Runtime | PEPPERSTONE:XAUUSD snapshot captured (live)
2026-04-23T20:31:39-06:00 | SMART MONEY - GOOD MONEY Market Runtime | FOREXCOM:US30 snapshot captured (live)
2026-04-23T20:32:09-06:00 | SMART MONEY - GOOD MONEY Market Runtime | PEPPERSTONE:XAUUSD snapshot captured (live)
2026-04-23T20:32:52-06:00 | SMART MONEY - GOOD MONEY Market Runtime | FOREXCOM:US30 snapshot captured (live)
2026-04-23T20:33:22-06:00 | SMART MONEY - GOOD MONEY Market Runtime | PEPPERSTONE:XAUUSD snapshot captured (live)
2026-04-23T20:34:03-06:00 | SMART MONEY - GOOD MONEY Market Runtime | FOREXCOM:US30 snapshot captured (live)
2026-04-23T20:34:33-06:00 | SMART MONEY - GOOD MONEY Market Runtime | PEPPERSTONE:XAUUSD snapshot captured (live)
2026-04-23T20:35:15-06:00 | SMART MONEY - GOOD MONEY Market Runtime | FOREXCOM:US30 snapshot captured (live)
2026-04-23T20:35:55-06:00 | SMART MONEY - GOOD MONEY Market Runtime | PEPPERSTONE:XAUUSD snapshot captured (live)
2026-04-23T20:36:48-06:00 | SMART MONEY - GOOD MONEY Market Runtime | FOREXCOM:US30 snapshot captured (live)
2026-04-23T20:37:18-06:00 | SMART MONEY - GOOD MONEY Market Runtime | PEPPERSTONE:XAUUSD snapshot captured (live)
2026-04-23T20:38:00-06:00 | SMART MONEY - GOOD MONEY Market Runtime | FOREXCOM:US30 snapshot captured (live)
2026-04-23T20:38:31-06:00 | SMART MONEY - GOOD MONEY Market Runtime | PEPPERSTONE:XAUUSD snapshot captured (live)
2026-04-23T20:39:15-06:00 | SMART MONEY - GOOD MONEY Market Runtime | FOREXCOM:US30 snapshot captured (live)
2026-04-23T20:39:46-06:00 | SMART MONEY - GOOD MONEY Market Runtime | PEPPERSTONE:XAUUSD snapshot captured (live)
2026-04-23T20:40:29-06:00 | SMART MONEY - GOOD MONEY Market Runtime | FOREXCOM:US30 snapshot captured (live)
2026-04-23T20:41:12-06:00 | SMART MONEY - GOOD MONEY Market Runtime | PEPPERSTONE:XAUUSD snapshot captured (live)
2026-04-23T20:42:06-06:00 | SMART MONEY - GOOD MONEY Market Runtime | FOREXCOM:US30 snapshot captured (live)
2026-04-23T20:42:37-06:00 | SMART MONEY - GOOD MONEY Market Runtime | PEPPERSTONE:XAUUSD snapshot captured (live)
2026-04-23T20:43:20-06:00 | SMART MONEY - GOOD MONEY Market Runtime | FOREXCOM:US30 snapshot captured (live)
2026-04-23T20:43:51-06:00 | SMART MONEY - GOOD MONEY Market Runtime | PEPPERSTONE:XAUUSD snapshot captured (live)
2026-04-23T20:44:32-06:00 | SMART MONEY - GOOD MONEY Market Runtime | FOREXCOM:US30 snapshot captured (live)
2026-04-23T20:45:03-06:00 | SMART MONEY - GOOD MONEY Market Runtime | PEPPERSTONE:XAUUSD snapshot captured (live)
2026-04-23T20:45:46-06:00 | SMART MONEY - GOOD MONEY Market Runtime | FOREXCOM:US30 snapshot captured (live)
2026-04-23T20:46:28-06:00 | SMART MONEY - GOOD MONEY Market Runtime | PEPPERSTONE:XAUUSD snapshot captured (live)
2026-04-23T20:47:22-06:00 | SMART MONEY - GOOD MONEY Market Runtime | FOREXCOM:US30 snapshot captured (live)
2026-04-23T20:47:53-06:00 | SMART MONEY - GOOD MONEY Market Runtime | PEPPERSTONE:XAUUSD snapshot captured (live)
2026-04-23T20:48:35-06:00 | SMART MONEY - GOOD MONEY Market Runtime | FOREXCOM:US30 snapshot captured (live)
2026-04-23T20:49:06-06:00 | SMART MONEY - GOOD MONEY Market Runtime | PEPPERSTONE:XAUUSD snapshot captured (live)
2026-04-23T20:49:48-06:00 | SMART MONEY - GOOD MONEY Market Runtime | FOREXCOM:US30 snapshot captured (live)
2026-04-23T20:50:18-06:00 | SMART MONEY - GOOD MONEY Market Runtime | PEPPERSTONE:XAUUSD snapshot captured (live)
2026-04-23T20:51:01-06:00 | SMART MONEY - GOOD MONEY Market Runtime | FOREXCOM:US30 snapshot captured (live)
2026-04-23T20:51:45-06:00 | SMART MONEY - GOOD MONEY Market Runtime | PEPPERSTONE:XAUUSD snapshot captured (live)
2026-04-23T20:52:39-06:00 | SMART MONEY - GOOD MONEY Market Runtime | FOREXCOM:US30 snapshot captured (live)
2026-04-23T20:53:10-06:00 | SMART MONEY - GOOD MONEY Market Runtime | PEPPERSTONE:XAUUSD snapshot captured (live)
2026-04-23T20:53:52-06:00 | SMART MONEY - GOOD MONEY Market Runtime | FOREXCOM:US30 snapshot captured (live)
2026-04-23T20:54:22-06:00 | SMART MONEY - GOOD MONEY Market Runtime | PEPPERSTONE:XAUUSD snapshot captured (live)
2026-04-23T20:55:05-06:00 | SMART MONEY - GOOD MONEY Market Runtime | FOREXCOM:US30 snapshot captured (live)
2026-04-23T20:55:36-06:00 | SMART MONEY - GOOD MONEY Market Runtime | PEPPERSTONE:XAUUSD snapshot captured (live)
2026-04-23T20:56:17-06:00 | SMART MONEY - GOOD MONEY Market Runtime | FOREXCOM:US30 snapshot captured (live)
2026-04-23T20:56:59-06:00 | SMART MONEY - GOOD MONEY Market Runtime | PEPPERSTONE:XAUUSD snapshot captured (live)
2026-04-23T20:57:52-06:00 | SMART MONEY - GOOD MONEY Market Runtime | FOREXCOM:US30 snapshot captured (live)
2026-04-23T20:58:23-06:00 | SMART MONEY - GOOD MONEY Market Runtime | PEPPERSTONE:XAUUSD snapshot captured (live)
2026-04-23T20:59:06-06:00 | SMART MONEY - GOOD MONEY Market Runtime | FOREXCOM:US30 snapshot captured (live)
2026-04-23T20:59:36-06:00 | SMART MONEY - GOOD MONEY Market Runtime | PEPPERSTONE:XAUUSD snapshot captured (live)
2026-04-23T21:00:18-06:00 | SMART MONEY - GOOD MONEY Market Runtime | FOREXCOM:US30 snapshot captured (live)
2026-04-23T21:00:49-06:00 | SMART MONEY - GOOD MONEY Market Runtime | PEPPERSTONE:XAUUSD snapshot captured (live)
2026-04-23T21:01:32-06:00 | SMART MONEY - GOOD MONEY Market Runtime | FOREXCOM:US30 snapshot captured (live)
2026-04-23T21:02:15-06:00 | SMART MONEY - GOOD MONEY Market Runtime | PEPPERSTONE:XAUUSD snapshot captured (live)
2026-04-23T21:03:09-06:00 | SMART MONEY - GOOD MONEY Market Runtime | FOREXCOM:US30 snapshot captured (live)
2026-04-23T21:03:41-06:00 | SMART MONEY - GOOD MONEY Market Runtime | PEPPERSTONE:XAUUSD snapshot captured (live)
2026-04-23T21:04:24-06:00 | SMART MONEY - GOOD MONEY Market Runtime | FOREXCOM:US30 snapshot captured (live)
2026-04-23T21:04:54-06:00 | SMART MONEY - GOOD MONEY Market Runtime | PEPPERSTONE:XAUUSD snapshot captured (live)
2026-04-23T21:05:37-06:00 | SMART MONEY - GOOD MONEY Market Runtime | FOREXCOM:US30 snapshot captured (live)
2026-04-23T21:06:09-06:00 | SMART MONEY - GOOD MONEY Market Runtime | PEPPERSTONE:XAUUSD snapshot captured (live)
2026-04-23T21:06:52-06:00 | SMART MONEY - GOOD MONEY Market Runtime | FOREXCOM:US30 snapshot captured (live)
2026-04-23T21:07:35-06:00 | SMART MONEY - GOOD MONEY Market Runtime | PEPPERSTONE:XAUUSD snapshot captured (live)
2026-04-23T21:08:31-06:00 | SMART MONEY - GOOD MONEY Market Runtime | FOREXCOM:US30 snapshot captured (live)
2026-04-23T21:09:01-06:00 | SMART MONEY - GOOD MONEY Market Runtime | PEPPERSTONE:XAUUSD snapshot captured (live)
2026-04-23T21:09:43-06:00 | SMART MONEY - GOOD MONEY Market Runtime | FOREXCOM:US30 snapshot captured (live)
2026-04-23T21:10:14-06:00 | SMART MONEY - GOOD MONEY Market Runtime | PEPPERSTONE:XAUUSD snapshot captured (live)
2026-04-23T21:10:56-06:00 | SMART MONEY - GOOD MONEY Market Runtime | FOREXCOM:US30 snapshot captured (live)
2026-04-23T21:11:28-06:00 | SMART MONEY - GOOD MONEY Market Runtime | PEPPERSTONE:XAUUSD snapshot captured (live)
2026-04-23T21:12:10-06:00 | SMART MONEY - GOOD MONEY Market Runtime | FOREXCOM:US30 snapshot captured (live)
2026-04-23T21:12:51-06:00 | SMART MONEY - GOOD MONEY Market Runtime | PEPPERSTONE:XAUUSD snapshot captured (live)
2026-04-23T21:13:46-06:00 | SMART MONEY - GOOD MONEY Market Runtime | FOREXCOM:US30 snapshot captured (live)
2026-04-23T21:14:16-06:00 | SMART MONEY - GOOD MONEY Market Runtime | PEPPERSTONE:XAUUSD snapshot captured (live)
2026-04-23T21:14:58-06:00 | SMART MONEY - GOOD MONEY Market Runtime | FOREXCOM:US30 snapshot captured (live)
2026-04-23T21:15:29-06:00 | SMART MONEY - GOOD MONEY Market Runtime | PEPPERSTONE:XAUUSD snapshot captured (live)
2026-04-23T21:16:13-06:00 | SMART MONEY - GOOD MONEY Market Runtime | FOREXCOM:US30 snapshot captured (live)
2026-04-23T21:16:43-06:00 | SMART MONEY - GOOD MONEY Market Runtime | PEPPERSTONE:XAUUSD snapshot captured (live)
2026-04-23T21:17:25-06:00 | SMART MONEY - GOOD MONEY Market Runtime | FOREXCOM:US30 snapshot captured (live)
2026-04-23T21:18:07-06:00 | SMART MONEY - GOOD MONEY Market Runtime | PEPPERSTONE:XAUUSD snapshot captured (live)
2026-04-23T21:19:02-06:00 | SMART MONEY - GOOD MONEY Market Runtime | FOREXCOM:US30 snapshot captured (live)
2026-04-23T21:19:34-06:00 | SMART MONEY - GOOD MONEY Market Runtime | PEPPERSTONE:XAUUSD snapshot captured (live)
2026-04-23T21:20:16-06:00 | SMART MONEY - GOOD MONEY Market Runtime | FOREXCOM:US30 snapshot captured (live)
2026-04-23T21:20:48-06:00 | SMART MONEY - GOOD MONEY Market Runtime | PEPPERSTONE:XAUUSD snapshot captured (live)
2026-04-23T21:21:31-06:00 | SMART MONEY - GOOD MONEY Market Runtime | FOREXCOM:US30 snapshot captured (live)
2026-04-23T21:22:02-06:00 | SMART MONEY - GOOD MONEY Market Runtime | PEPPERSTONE:XAUUSD snapshot captured (live)
2026-04-23T21:22:44-06:00 | SMART MONEY - GOOD MONEY Market Runtime | FOREXCOM:US30 snapshot captured (live)
2026-04-23T21:23:26-06:00 | SMART MONEY - GOOD MONEY Market Runtime | PEPPERSTONE:XAUUSD snapshot captured (live)
2026-04-23T21:24:21-06:00 | SMART MONEY - GOOD MONEY Market Runtime | FOREXCOM:US30 snapshot captured (live)
2026-04-23T21:24:52-06:00 | SMART MONEY - GOOD MONEY Market Runtime | PEPPERSTONE:XAUUSD snapshot captured (live)
2026-04-23T21:25:34-06:00 | SMART MONEY - GOOD MONEY Market Runtime | FOREXCOM:US30 snapshot captured (live)
2026-04-23T21:26:04-06:00 | SMART MONEY - GOOD MONEY Market Runtime | PEPPERSTONE:XAUUSD snapshot captured (live)
2026-04-23T21:26:47-06:00 | SMART MONEY - GOOD MONEY Market Runtime | FOREXCOM:US30 snapshot captured (live)
2026-04-23T21:27:17-06:00 | SMART MONEY - GOOD MONEY Market Runtime | PEPPERSTONE:XAUUSD snapshot captured (live)
2026-04-23T21:27:59-06:00 | SMART MONEY - GOOD MONEY Market Runtime | FOREXCOM:US30 snapshot captured (live)
2026-04-23T21:28:42-06:00 | SMART MONEY - GOOD MONEY Market Runtime | PEPPERSTONE:XAUUSD snapshot captured (live)
2026-04-23T21:29:36-06:00 | SMART MONEY - GOOD MONEY Market Runtime | FOREXCOM:US30 snapshot captured (live)
2026-04-23T21:30:07-06:00 | SMART MONEY - GOOD MONEY Market Runtime | PEPPERSTONE:XAUUSD snapshot captured (live)
2026-04-23T21:30:49-06:00 | SMART MONEY - GOOD MONEY Market Runtime | FOREXCOM:US30 snapshot captured (live)
2026-04-23T21:31:20-06:00 | SMART MONEY - GOOD MONEY Market Runtime | PEPPERSTONE:XAUUSD snapshot captured (live)
2026-04-23T21:32:02-06:00 | SMART MONEY - GOOD MONEY Market Runtime | FOREXCOM:US30 snapshot captured (live)
2026-04-23T21:32:33-06:00 | SMART MONEY - GOOD MONEY Market Runtime | PEPPERSTONE:XAUUSD snapshot captured (live)
2026-04-23T21:33:16-06:00 | SMART MONEY - GOOD MONEY Market Runtime | FOREXCOM:US30 snapshot captured (live)
2026-04-23T21:33:57-06:00 | SMART MONEY - GOOD MONEY Market Runtime | PEPPERSTONE:XAUUSD snapshot captured (live)
2026-04-23T21:34:51-06:00 | SMART MONEY - GOOD MONEY Market Runtime | FOREXCOM:US30 snapshot captured (live)
2026-04-23T21:35:22-06:00 | SMART MONEY - GOOD MONEY Market Runtime | PEPPERSTONE:XAUUSD snapshot captured (live)
2026-04-23T21:36:04-06:00 | SMART MONEY - GOOD MONEY Market Runtime | FOREXCOM:US30 snapshot captured (live)
2026-04-23T21:36:35-06:00 | SMART MONEY - GOOD MONEY Market Runtime | PEPPERSTONE:XAUUSD snapshot captured (live)
2026-04-23T21:37:18-06:00 | SMART MONEY - GOOD MONEY Market Runtime | FOREXCOM:US30 snapshot captured (live)
2026-04-23T21:37:49-06:00 | SMART MONEY - GOOD MONEY Market Runtime | PEPPERSTONE:XAUUSD snapshot captured (live)
2026-04-23T21:38:33-06:00 | SMART MONEY - GOOD MONEY Market Runtime | FOREXCOM:US30 snapshot captured (live)
2026-04-23T21:39:15-06:00 | SMART MONEY - GOOD MONEY Market Runtime | PEPPERSTONE:XAUUSD snapshot captured (live)
2026-04-23T21:40:09-06:00 | SMART MONEY - GOOD MONEY Market Runtime | FOREXCOM:US30 snapshot captured (live)
2026-04-23T21:40:40-06:00 | SMART MONEY - GOOD MONEY Market Runtime | PEPPERSTONE:XAUUSD snapshot captured (live)
2026-04-23T21:41:23-06:00 | SMART MONEY - GOOD MONEY Market Runtime | FOREXCOM:US30 snapshot captured (live)
2026-04-23T21:41:53-06:00 | SMART MONEY - GOOD MONEY Market Runtime | PEPPERSTONE:XAUUSD snapshot captured (live)
2026-04-23T21:42:35-06:00 | SMART MONEY - GOOD MONEY Market Runtime | FOREXCOM:US30 snapshot captured (live)
2026-04-23T21:43:07-06:00 | SMART MONEY - GOOD MONEY Market Runtime | PEPPERSTONE:XAUUSD snapshot captured (live)
2026-04-23T21:43:49-06:00 | SMART MONEY - GOOD MONEY Market Runtime | FOREXCOM:US30 snapshot captured (live)
2026-04-23T21:44:30-06:00 | SMART MONEY - GOOD MONEY Market Runtime | PEPPERSTONE:XAUUSD snapshot captured (live)
2026-04-23T21:45:25-06:00 | SMART MONEY - GOOD MONEY Market Runtime | FOREXCOM:US30 snapshot captured (live)
2026-04-23T21:45:56-06:00 | SMART MONEY - GOOD MONEY Market Runtime | PEPPERSTONE:XAUUSD snapshot captured (live)
2026-04-23T21:46:38-06:00 | SMART MONEY - GOOD MONEY Market Runtime | FOREXCOM:US30 snapshot captured (live)
2026-04-23T21:47:08-06:00 | SMART MONEY - GOOD MONEY Market Runtime | PEPPERSTONE:XAUUSD snapshot captured (live)
2026-04-23T21:47:51-06:00 | SMART MONEY - GOOD MONEY Market Runtime | FOREXCOM:US30 snapshot captured (live)
2026-04-23T21:48:22-06:00 | SMART MONEY - GOOD MONEY Market Runtime | PEPPERSTONE:XAUUSD snapshot captured (live)
2026-04-23T21:49:04-06:00 | SMART MONEY - GOOD MONEY Market Runtime | FOREXCOM:US30 snapshot captured (live)
2026-04-23T21:49:48-06:00 | SMART MONEY - GOOD MONEY Market Runtime | PEPPERSTONE:XAUUSD snapshot captured (live)
2026-04-23T21:50:42-06:00 | SMART MONEY - GOOD MONEY Market Runtime | FOREXCOM:US30 snapshot captured (live)
2026-04-23T21:51:14-06:00 | SMART MONEY - GOOD MONEY Market Runtime | PEPPERSTONE:XAUUSD snapshot captured (live)
2026-04-23T21:51:56-06:00 | SMART MONEY - GOOD MONEY Market Runtime | FOREXCOM:US30 snapshot captured (live)
2026-04-23T21:52:26-06:00 | SMART MONEY - GOOD MONEY Market Runtime | PEPPERSTONE:XAUUSD snapshot captured (live)
2026-04-23T21:53:09-06:00 | SMART MONEY - GOOD MONEY Market Runtime | FOREXCOM:US30 snapshot captured (live)
2026-04-23T21:53:39-06:00 | SMART MONEY - GOOD MONEY Market Runtime | PEPPERSTONE:XAUUSD snapshot captured (live)
2026-04-23T21:54:21-06:00 | SMART MONEY - GOOD MONEY Market Runtime | FOREXCOM:US30 snapshot captured (live)
2026-04-23T21:55:03-06:00 | SMART MONEY - GOOD MONEY Market Runtime | PEPPERSTONE:XAUUSD snapshot captured (live)
2026-04-23T21:55:58-06:00 | SMART MONEY - GOOD MONEY Market Runtime | FOREXCOM:US30 snapshot captured (live)
2026-04-23T21:56:28-06:00 | SMART MONEY - GOOD MONEY Market Runtime | PEPPERSTONE:XAUUSD snapshot captured (live)
2026-04-23T21:57:11-06:00 | SMART MONEY - GOOD MONEY Market Runtime | FOREXCOM:US30 snapshot captured (live)
2026-04-23T21:57:43-06:00 | SMART MONEY - GOOD MONEY Market Runtime | PEPPERSTONE:XAUUSD snapshot captured (live)
2026-04-23T21:58:26-06:00 | SMART MONEY - GOOD MONEY Market Runtime | FOREXCOM:US30 snapshot captured (live)
2026-04-23T21:58:56-06:00 | SMART MONEY - GOOD MONEY Market Runtime | PEPPERSTONE:XAUUSD snapshot captured (live)
2026-04-23T21:59:38-06:00 | SMART MONEY - GOOD MONEY Market Runtime | FOREXCOM:US30 snapshot captured (live)
2026-04-23T22:00:22-06:00 | SMART MONEY - GOOD MONEY Market Runtime | PEPPERSTONE:XAUUSD snapshot captured (live)
2026-04-23T22:01:18-06:00 | SMART MONEY - GOOD MONEY Market Runtime | FOREXCOM:US30 snapshot captured (live)
2026-04-23T22:01:51-06:00 | SMART MONEY - GOOD MONEY Market Runtime | PEPPERSTONE:XAUUSD snapshot captured (live)
2026-04-23T22:02:33-06:00 | SMART MONEY - GOOD MONEY Market Runtime | FOREXCOM:US30 snapshot captured (live)
2026-04-23T22:03:05-06:00 | SMART MONEY - GOOD MONEY Market Runtime | PEPPERSTONE:XAUUSD snapshot captured (live)
2026-04-23T22:03:47-06:00 | SMART MONEY - GOOD MONEY Market Runtime | FOREXCOM:US30 snapshot captured (live)
2026-04-23T22:04:18-06:00 | SMART MONEY - GOOD MONEY Market Runtime | PEPPERSTONE:XAUUSD snapshot captured (live)
2026-04-23T22:05:01-06:00 | SMART MONEY - GOOD MONEY Market Runtime | FOREXCOM:US30 snapshot captured (live)
2026-04-23T22:05:44-06:00 | SMART MONEY - GOOD MONEY Market Runtime | PEPPERSTONE:XAUUSD snapshot captured (live)
2026-04-23T22:06:39-06:00 | SMART MONEY - GOOD MONEY Market Runtime | FOREXCOM:US30 snapshot captured (live)
2026-04-23T22:07:10-06:00 | SMART MONEY - GOOD MONEY Market Runtime | PEPPERSTONE:XAUUSD snapshot captured (live)
2026-04-23T22:07:53-06:00 | SMART MONEY - GOOD MONEY Market Runtime | FOREXCOM:US30 snapshot captured (live)
2026-04-23T22:08:24-06:00 | SMART MONEY - GOOD MONEY Market Runtime | PEPPERSTONE:XAUUSD snapshot captured (live)
2026-04-23T22:09:06-06:00 | SMART MONEY - GOOD MONEY Market Runtime | FOREXCOM:US30 snapshot captured (live)
2026-04-23T22:09:37-06:00 | SMART MONEY - GOOD MONEY Market Runtime | PEPPERSTONE:XAUUSD snapshot captured (live)
2026-04-23T22:10:18-06:00 | SMART MONEY - GOOD MONEY Market Runtime | FOREXCOM:US30 snapshot captured (live)
2026-04-23T22:11:01-06:00 | SMART MONEY - GOOD MONEY Market Runtime | PEPPERSTONE:XAUUSD snapshot captured (live)
2026-04-23T22:11:55-06:00 | SMART MONEY - GOOD MONEY Market Runtime | FOREXCOM:US30 snapshot captured (live)
2026-04-23T22:12:25-06:00 | SMART MONEY - GOOD MONEY Market Runtime | PEPPERSTONE:XAUUSD snapshot captured (live)
2026-04-23T22:13:08-06:00 | SMART MONEY - GOOD MONEY Market Runtime | FOREXCOM:US30 snapshot captured (live)
2026-04-23T22:13:37-06:00 | SMART MONEY - GOOD MONEY Market Runtime | PEPPERSTONE:XAUUSD snapshot captured (live)
2026-04-23T22:14:19-06:00 | SMART MONEY - GOOD MONEY Market Runtime | FOREXCOM:US30 snapshot captured (live)
2026-04-23T22:14:48-06:00 | SMART MONEY - GOOD MONEY Market Runtime | PEPPERSTONE:XAUUSD snapshot captured (live)
2026-04-23T22:15:30-06:00 | SMART MONEY - GOOD MONEY Market Runtime | FOREXCOM:US30 snapshot captured (live)
2026-04-23T22:16:10-06:00 | SMART MONEY - GOOD MONEY Market Runtime | PEPPERSTONE:XAUUSD snapshot captured (live)
2026-04-23T22:17:03-06:00 | SMART MONEY - GOOD MONEY Market Runtime | FOREXCOM:US30 snapshot captured (live)
2026-04-23T22:17:33-06:00 | SMART MONEY - GOOD MONEY Market Runtime | PEPPERSTONE:XAUUSD snapshot captured (live)
2026-04-23T22:18:14-06:00 | SMART MONEY - GOOD MONEY Market Runtime | FOREXCOM:US30 snapshot captured (live)
2026-04-23T22:18:45-06:00 | SMART MONEY - GOOD MONEY Market Runtime | PEPPERSTONE:XAUUSD snapshot captured (live)
2026-04-23T22:19:26-06:00 | SMART MONEY - GOOD MONEY Market Runtime | FOREXCOM:US30 snapshot captured (live)
2026-04-23T22:19:58-06:00 | SMART MONEY - GOOD MONEY Market Runtime | PEPPERSTONE:XAUUSD snapshot captured (live)
2026-04-23T22:20:40-06:00 | SMART MONEY - GOOD MONEY Market Runtime | FOREXCOM:US30 snapshot captured (live)
2026-04-23T22:21:21-06:00 | SMART MONEY - GOOD MONEY Market Runtime | PEPPERSTONE:XAUUSD snapshot captured (live)
2026-04-23T22:22:16-06:00 | SMART MONEY - GOOD MONEY Market Runtime | FOREXCOM:US30 snapshot captured (live)
2026-04-23T22:22:46-06:00 | SMART MONEY - GOOD MONEY Market Runtime | PEPPERSTONE:XAUUSD snapshot captured (live)
2026-04-23T22:23:29-06:00 | SMART MONEY - GOOD MONEY Market Runtime | FOREXCOM:US30 snapshot captured (live)
2026-04-23T22:23:59-06:00 | SMART MONEY - GOOD MONEY Market Runtime | PEPPERSTONE:XAUUSD snapshot captured (live)
2026-04-23T22:24:42-06:00 | SMART MONEY - GOOD MONEY Market Runtime | FOREXCOM:US30 snapshot captured (live)
2026-04-23T22:25:12-06:00 | SMART MONEY - GOOD MONEY Market Runtime | PEPPERSTONE:XAUUSD snapshot captured (live)
2026-04-23T22:25:54-06:00 | SMART MONEY - GOOD MONEY Market Runtime | FOREXCOM:US30 snapshot captured (live)
2026-04-23T22:26:38-06:00 | SMART MONEY - GOOD MONEY Market Runtime | PEPPERSTONE:XAUUSD snapshot captured (live)
2026-04-23T22:27:32-06:00 | SMART MONEY - GOOD MONEY Market Runtime | FOREXCOM:US30 snapshot captured (live)
2026-04-23T22:28:02-06:00 | SMART MONEY - GOOD MONEY Market Runtime | PEPPERSTONE:XAUUSD snapshot captured (live)
2026-04-23T22:28:44-06:00 | SMART MONEY - GOOD MONEY Market Runtime | FOREXCOM:US30 snapshot captured (live)
2026-04-23T22:29:14-06:00 | SMART MONEY - GOOD MONEY Market Runtime | PEPPERSTONE:XAUUSD snapshot captured (live)
2026-04-23T22:29:57-06:00 | SMART MONEY - GOOD MONEY Market Runtime | FOREXCOM:US30 snapshot captured (live)
2026-04-23T22:30:27-06:00 | SMART MONEY - GOOD MONEY Market Runtime | PEPPERSTONE:XAUUSD snapshot captured (live)
2026-04-23T22:31:09-06:00 | SMART MONEY - GOOD MONEY Market Runtime | FOREXCOM:US30 snapshot captured (live)
2026-04-23T22:31:51-06:00 | SMART MONEY - GOOD MONEY Market Runtime | PEPPERSTONE:XAUUSD snapshot captured (live)
2026-04-23T22:32:43-06:00 | SMART MONEY - GOOD MONEY Market Runtime | FOREXCOM:US30 snapshot captured (live)
2026-04-23T22:33:14-06:00 | SMART MONEY - GOOD MONEY Market Runtime | PEPPERSTONE:XAUUSD snapshot captured (live)
2026-04-23T22:33:57-06:00 | SMART MONEY - GOOD MONEY Market Runtime | FOREXCOM:US30 snapshot captured (live)
2026-04-23T22:34:27-06:00 | SMART MONEY - GOOD MONEY Market Runtime | PEPPERSTONE:XAUUSD snapshot captured (live)
2026-04-23T22:35:09-06:00 | SMART MONEY - GOOD MONEY Market Runtime | FOREXCOM:US30 snapshot captured (live)
2026-04-23T22:35:41-06:00 | SMART MONEY - GOOD MONEY Market Runtime | PEPPERSTONE:XAUUSD snapshot captured (live)
2026-04-23T22:36:25-06:00 | SMART MONEY - GOOD MONEY Market Runtime | FOREXCOM:US30 snapshot captured (live)
2026-04-23T22:37:08-06:00 | SMART MONEY - GOOD MONEY Market Runtime | PEPPERSTONE:XAUUSD snapshot captured (live)
2026-04-23T22:38:02-06:00 | SMART MONEY - GOOD MONEY Market Runtime | FOREXCOM:US30 snapshot captured (live)
2026-04-23T22:38:31-06:00 | SMART MONEY - GOOD MONEY Market Runtime | PEPPERSTONE:XAUUSD snapshot captured (live)
2026-04-23T22:39:13-06:00 | SMART MONEY - GOOD MONEY Market Runtime | FOREXCOM:US30 snapshot captured (live)
2026-04-23T22:39:43-06:00 | SMART MONEY - GOOD MONEY Market Runtime | PEPPERSTONE:XAUUSD snapshot captured (live)
2026-04-23T22:40:25-06:00 | SMART MONEY - GOOD MONEY Market Runtime | FOREXCOM:US30 snapshot captured (live)
2026-04-23T22:40:55-06:00 | SMART MONEY - GOOD MONEY Market Runtime | PEPPERSTONE:XAUUSD snapshot captured (live)
2026-04-23T22:41:37-06:00 | SMART MONEY - GOOD MONEY Market Runtime | FOREXCOM:US30 snapshot captured (live)
2026-04-23T22:42:17-06:00 | SMART MONEY - GOOD MONEY Market Runtime | PEPPERSTONE:XAUUSD snapshot captured (live)
2026-04-23T22:43:10-06:00 | SMART MONEY - GOOD MONEY Market Runtime | FOREXCOM:US30 snapshot captured (live)
2026-04-23T22:43:40-06:00 | SMART MONEY - GOOD MONEY Market Runtime | PEPPERSTONE:XAUUSD snapshot captured (live)
2026-04-23T22:44:21-06:00 | SMART MONEY - GOOD MONEY Market Runtime | FOREXCOM:US30 snapshot captured (live)
2026-04-23T22:44:51-06:00 | SMART MONEY - GOOD MONEY Market Runtime | PEPPERSTONE:XAUUSD snapshot captured (live)
2026-04-23T22:45:32-06:00 | SMART MONEY - GOOD MONEY Market Runtime | FOREXCOM:US30 snapshot captured (live)
2026-04-23T22:46:02-06:00 | SMART MONEY - GOOD MONEY Market Runtime | PEPPERSTONE:XAUUSD snapshot captured (live)
2026-04-23T22:46:44-06:00 | SMART MONEY - GOOD MONEY Market Runtime | FOREXCOM:US30 snapshot captured (live)
2026-04-23T22:47:26-06:00 | SMART MONEY - GOOD MONEY Market Runtime | PEPPERSTONE:XAUUSD snapshot captured (live)
2026-04-23T22:48:18-06:00 | SMART MONEY - GOOD MONEY Market Runtime | FOREXCOM:US30 snapshot captured (live)
2026-04-23T22:48:49-06:00 | SMART MONEY - GOOD MONEY Market Runtime | PEPPERSTONE:XAUUSD snapshot captured (live)
2026-04-23T22:49:30-06:00 | SMART MONEY - GOOD MONEY Market Runtime | FOREXCOM:US30 snapshot captured (live)
2026-04-23T22:49:59-06:00 | SMART MONEY - GOOD MONEY Market Runtime | PEPPERSTONE:XAUUSD snapshot captured (live)
2026-04-23T22:50:41-06:00 | SMART MONEY - GOOD MONEY Market Runtime | FOREXCOM:US30 snapshot captured (live)
2026-04-23T22:51:11-06:00 | SMART MONEY - GOOD MONEY Market Runtime | PEPPERSTONE:XAUUSD snapshot captured (live)
2026-04-23T22:51:54-06:00 | SMART MONEY - GOOD MONEY Market Runtime | FOREXCOM:US30 snapshot captured (live)
2026-04-23T22:52:35-06:00 | SMART MONEY - GOOD MONEY Market Runtime | PEPPERSTONE:XAUUSD snapshot captured (live)
2026-04-23T22:53:29-06:00 | SMART MONEY - GOOD MONEY Market Runtime | FOREXCOM:US30 snapshot captured (live)
2026-04-23T22:54:00-06:00 | SMART MONEY - GOOD MONEY Market Runtime | PEPPERSTONE:XAUUSD snapshot captured (live)
2026-04-23T22:54:42-06:00 | SMART MONEY - GOOD MONEY Market Runtime | FOREXCOM:US30 snapshot captured (live)
2026-04-23T22:55:12-06:00 | SMART MONEY - GOOD MONEY Market Runtime | PEPPERSTONE:XAUUSD snapshot captured (live)
2026-04-23T22:55:54-06:00 | SMART MONEY - GOOD MONEY Market Runtime | FOREXCOM:US30 snapshot captured (live)
2026-04-23T22:56:23-06:00 | SMART MONEY - GOOD MONEY Market Runtime | PEPPERSTONE:XAUUSD snapshot captured (live)
2026-04-23T22:57:05-06:00 | SMART MONEY - GOOD MONEY Market Runtime | FOREXCOM:US30 snapshot captured (live)
2026-04-23T22:57:45-06:00 | SMART MONEY - GOOD MONEY Market Runtime | PEPPERSTONE:XAUUSD snapshot captured (live)
2026-04-23T22:58:38-06:00 | SMART MONEY - GOOD MONEY Market Runtime | FOREXCOM:US30 snapshot captured (live)
2026-04-23T22:59:08-06:00 | SMART MONEY - GOOD MONEY Market Runtime | PEPPERSTONE:XAUUSD snapshot captured (live)
2026-04-23T22:59:50-06:00 | SMART MONEY - GOOD MONEY Market Runtime | FOREXCOM:US30 snapshot captured (live)
2026-04-23T23:00:20-06:00 | SMART MONEY - GOOD MONEY Market Runtime | PEPPERSTONE:XAUUSD snapshot captured (live)
2026-04-23T23:01:03-06:00 | SMART MONEY - GOOD MONEY Market Runtime | FOREXCOM:US30 snapshot captured (live)
2026-04-23T23:01:33-06:00 | SMART MONEY - GOOD MONEY Market Runtime | PEPPERSTONE:XAUUSD snapshot captured (live)
2026-04-23T23:02:15-06:00 | SMART MONEY - GOOD MONEY Market Runtime | FOREXCOM:US30 snapshot captured (live)
2026-04-23T23:02:56-06:00 | SMART MONEY - GOOD MONEY Market Runtime | PEPPERSTONE:XAUUSD snapshot captured (live)
2026-04-23T23:03:49-06:00 | SMART MONEY - GOOD MONEY Market Runtime | FOREXCOM:US30 snapshot captured (live)
2026-04-23T23:04:19-06:00 | SMART MONEY - GOOD MONEY Market Runtime | PEPPERSTONE:XAUUSD snapshot captured (live)
2026-04-23T23:05:00-06:00 | SMART MONEY - GOOD MONEY Market Runtime | FOREXCOM:US30 snapshot captured (live)
2026-04-23T23:05:31-06:00 | SMART MONEY - GOOD MONEY Market Runtime | PEPPERSTONE:XAUUSD snapshot captured (live)
2026-04-23T23:06:13-06:00 | SMART MONEY - GOOD MONEY Market Runtime | FOREXCOM:US30 snapshot captured (live)
2026-04-23T23:06:43-06:00 | SMART MONEY - GOOD MONEY Market Runtime | PEPPERSTONE:XAUUSD snapshot captured (live)
2026-04-23T23:07:25-06:00 | SMART MONEY - GOOD MONEY Market Runtime | FOREXCOM:US30 snapshot captured (live)
2026-04-23T23:08:06-06:00 | SMART MONEY - GOOD MONEY Market Runtime | PEPPERSTONE:XAUUSD snapshot captured (live)
2026-04-23T23:08:59-06:00 | SMART MONEY - GOOD MONEY Market Runtime | FOREXCOM:US30 snapshot captured (live)
2026-04-23T23:09:29-06:00 | SMART MONEY - GOOD MONEY Market Runtime | PEPPERSTONE:XAUUSD snapshot captured (live)
2026-04-23T23:10:10-06:00 | SMART MONEY - GOOD MONEY Market Runtime | FOREXCOM:US30 snapshot captured (live)
2026-04-23T23:10:40-06:00 | SMART MONEY - GOOD MONEY Market Runtime | PEPPERSTONE:XAUUSD snapshot captured (live)
2026-04-23T23:11:21-06:00 | SMART MONEY - GOOD MONEY Market Runtime | FOREXCOM:US30 snapshot captured (live)
2026-04-23T23:11:50-06:00 | SMART MONEY - GOOD MONEY Market Runtime | PEPPERSTONE:XAUUSD snapshot captured (live)
2026-04-23T23:12:31-06:00 | SMART MONEY - GOOD MONEY Market Runtime | FOREXCOM:US30 snapshot captured (live)
2026-04-23T23:13:10-06:00 | SMART MONEY - GOOD MONEY Market Runtime | PEPPERSTONE:XAUUSD snapshot captured (live)
2026-04-23T23:14:03-06:00 | SMART MONEY - GOOD MONEY Market Runtime | FOREXCOM:US30 snapshot captured (live)
2026-04-23T23:14:32-06:00 | SMART MONEY - GOOD MONEY Market Runtime | PEPPERSTONE:XAUUSD snapshot captured (live)
2026-04-23T23:15:14-06:00 | SMART MONEY - GOOD MONEY Market Runtime | FOREXCOM:US30 snapshot captured (live)
2026-04-23T23:15:43-06:00 | SMART MONEY - GOOD MONEY Market Runtime | PEPPERSTONE:XAUUSD snapshot captured (live)
2026-04-23T23:16:24-06:00 | SMART MONEY - GOOD MONEY Market Runtime | FOREXCOM:US30 snapshot captured (live)
2026-04-23T23:16:53-06:00 | SMART MONEY - GOOD MONEY Market Runtime | PEPPERSTONE:XAUUSD snapshot captured (live)
2026-04-23T23:17:34-06:00 | SMART MONEY - GOOD MONEY Market Runtime | FOREXCOM:US30 snapshot captured (live)
2026-04-23T23:18:15-06:00 | SMART MONEY - GOOD MONEY Market Runtime | PEPPERSTONE:XAUUSD snapshot captured (live)
2026-04-23T23:19:08-06:00 | SMART MONEY - GOOD MONEY Market Runtime | FOREXCOM:US30 snapshot captured (live)
2026-04-23T23:19:37-06:00 | SMART MONEY - GOOD MONEY Market Runtime | PEPPERSTONE:XAUUSD snapshot captured (live)
2026-04-23T23:20:18-06:00 | SMART MONEY - GOOD MONEY Market Runtime | FOREXCOM:US30 snapshot captured (live)
2026-04-23T23:20:48-06:00 | SMART MONEY - GOOD MONEY Market Runtime | PEPPERSTONE:XAUUSD snapshot captured (live)
2026-04-23T23:21:29-06:00 | SMART MONEY - GOOD MONEY Market Runtime | FOREXCOM:US30 snapshot captured (live)
2026-04-23T23:21:59-06:00 | SMART MONEY - GOOD MONEY Market Runtime | PEPPERSTONE:XAUUSD snapshot captured (live)
2026-04-23T23:22:40-06:00 | SMART MONEY - GOOD MONEY Market Runtime | FOREXCOM:US30 snapshot captured (live)
2026-04-23T23:23:21-06:00 | SMART MONEY - GOOD MONEY Market Runtime | PEPPERSTONE:XAUUSD snapshot captured (live)
2026-04-23T23:24:13-06:00 | SMART MONEY - GOOD MONEY Market Runtime | FOREXCOM:US30 snapshot captured (live)
2026-04-23T23:24:42-06:00 | SMART MONEY - GOOD MONEY Market Runtime | PEPPERSTONE:XAUUSD snapshot captured (live)
2026-04-23T23:25:23-06:00 | SMART MONEY - GOOD MONEY Market Runtime | FOREXCOM:US30 snapshot captured (live)
2026-04-23T23:25:52-06:00 | SMART MONEY - GOOD MONEY Market Runtime | PEPPERSTONE:XAUUSD snapshot captured (live)
2026-04-23T23:26:33-06:00 | SMART MONEY - GOOD MONEY Market Runtime | FOREXCOM:US30 snapshot captured (live)
2026-04-23T23:27:03-06:00 | SMART MONEY - GOOD MONEY Market Runtime | PEPPERSTONE:XAUUSD snapshot captured (live)
2026-04-23T23:27:44-06:00 | SMART MONEY - GOOD MONEY Market Runtime | FOREXCOM:US30 snapshot captured (live)
2026-04-23T23:28:24-06:00 | SMART MONEY - GOOD MONEY Market Runtime | PEPPERSTONE:XAUUSD snapshot captured (live)
2026-04-23T23:29:05-06:00 | SMART MONEY - GOOD MONEY Market Runtime | FOREXCOM:US30 snapshot captured (live)
2026-04-23T23:29:35-06:00 | SMART MONEY - GOOD MONEY Market Runtime | PEPPERSTONE:XAUUSD snapshot captured (live)
2026-04-23T23:30:28-06:00 | SMART MONEY - GOOD MONEY Market Runtime | FOREXCOM:US30 snapshot captured (live)
2026-04-23T23:30:58-06:00 | SMART MONEY - GOOD MONEY Market Runtime | PEPPERSTONE:XAUUSD snapshot captured (live)
2026-04-23T23:31:39-06:00 | SMART MONEY - GOOD MONEY Market Runtime | FOREXCOM:US30 snapshot captured (live)
2026-04-23T23:32:09-06:00 | SMART MONEY - GOOD MONEY Market Runtime | PEPPERSTONE:XAUUSD snapshot captured (live)
2026-04-23T23:32:49-06:00 | SMART MONEY - GOOD MONEY Market Runtime | FOREXCOM:US30 snapshot captured (live)
2026-04-23T23:33:29-06:00 | SMART MONEY - GOOD MONEY Market Runtime | PEPPERSTONE:XAUUSD snapshot captured (live)
2026-04-23T23:34:10-06:00 | SMART MONEY - GOOD MONEY Market Runtime | FOREXCOM:US30 snapshot captured (live)
2026-04-23T23:34:39-06:00 | SMART MONEY - GOOD MONEY Market Runtime | PEPPERSTONE:XAUUSD snapshot captured (live)
2026-04-23T23:35:24-06:00 | SMART MONEY - GOOD MONEY Market Runtime | FOREXCOM:US30 snapshot captured (live)
2026-04-23T23:35:54-06:00 | SMART MONEY - GOOD MONEY Market Runtime | PEPPERSTONE:XAUUSD snapshot captured (live)
2026-04-23T23:36:43-06:00 | SMART MONEY - GOOD MONEY Market Runtime | FOREXCOM:US30 snapshot captured (live)
2026-04-23T23:37:12-06:00 | SMART MONEY - GOOD MONEY Market Runtime | PEPPERSTONE:XAUUSD snapshot captured (live)
2026-04-23T23:37:53-06:00 | SMART MONEY - GOOD MONEY Market Runtime | FOREXCOM:US30 snapshot captured (live)
2026-04-23T23:38:34-06:00 | SMART MONEY - GOOD MONEY Market Runtime | PEPPERSTONE:XAUUSD snapshot captured (live)
2026-04-23T23:39:15-06:00 | SMART MONEY - GOOD MONEY Market Runtime | FOREXCOM:US30 snapshot captured (live)
2026-04-23T23:39:46-06:00 | SMART MONEY - GOOD MONEY Market Runtime | PEPPERSTONE:XAUUSD snapshot captured (live)
2026-04-23T23:40:31-06:00 | SMART MONEY - GOOD MONEY Market Runtime | FOREXCOM:US30 snapshot captured (live)
2026-04-23T23:41:00-06:00 | SMART MONEY - GOOD MONEY Market Runtime | PEPPERSTONE:XAUUSD snapshot captured (live)
2026-04-23T23:41:50-06:00 | SMART MONEY - GOOD MONEY Market Runtime | FOREXCOM:US30 snapshot captured (live)
2026-04-23T23:42:19-06:00 | SMART MONEY - GOOD MONEY Market Runtime | PEPPERSTONE:XAUUSD snapshot captured (live)
2026-04-23T23:43:01-06:00 | SMART MONEY - GOOD MONEY Market Runtime | FOREXCOM:US30 snapshot captured (live)
2026-04-23T23:43:41-06:00 | SMART MONEY - GOOD MONEY Market Runtime | PEPPERSTONE:XAUUSD snapshot captured (live)
2026-04-23T23:44:23-06:00 | SMART MONEY - GOOD MONEY Market Runtime | FOREXCOM:US30 snapshot captured (live)
2026-04-23T23:44:52-06:00 | SMART MONEY - GOOD MONEY Market Runtime | PEPPERSTONE:XAUUSD snapshot captured (live)
2026-04-23T23:45:37-06:00 | SMART MONEY - GOOD MONEY Market Runtime | FOREXCOM:US30 snapshot captured (live)
2026-04-23T23:46:07-06:00 | SMART MONEY - GOOD MONEY Market Runtime | PEPPERSTONE:XAUUSD snapshot captured (live)
2026-04-23T23:46:56-06:00 | SMART MONEY - GOOD MONEY Market Runtime | FOREXCOM:US30 snapshot captured (live)
2026-04-23T23:47:26-06:00 | SMART MONEY - GOOD MONEY Market Runtime | PEPPERSTONE:XAUUSD snapshot captured (live)
2026-04-23T23:48:07-06:00 | SMART MONEY - GOOD MONEY Market Runtime | FOREXCOM:US30 snapshot captured (live)
2026-04-23T23:48:47-06:00 | SMART MONEY - GOOD MONEY Market Runtime | PEPPERSTONE:XAUUSD snapshot captured (live)
2026-04-23T23:49:29-06:00 | SMART MONEY - GOOD MONEY Market Runtime | FOREXCOM:US30 snapshot captured (live)
2026-04-23T23:49:58-06:00 | SMART MONEY - GOOD MONEY Market Runtime | PEPPERSTONE:XAUUSD snapshot captured (live)
2026-04-23T23:50:43-06:00 | SMART MONEY - GOOD MONEY Market Runtime | FOREXCOM:US30 snapshot captured (live)
2026-04-23T23:51:13-06:00 | SMART MONEY - GOOD MONEY Market Runtime | PEPPERSTONE:XAUUSD snapshot captured (live)
2026-04-23T23:52:01-06:00 | SMART MONEY - GOOD MONEY Market Runtime | FOREXCOM:US30 snapshot captured (live)
2026-04-23T23:52:31-06:00 | SMART MONEY - GOOD MONEY Market Runtime | PEPPERSTONE:XAUUSD snapshot captured (live)
2026-04-23T23:53:12-06:00 | SMART MONEY - GOOD MONEY Market Runtime | FOREXCOM:US30 snapshot captured (live)
2026-04-23T23:53:53-06:00 | SMART MONEY - GOOD MONEY Market Runtime | PEPPERSTONE:XAUUSD snapshot captured (live)
2026-04-23T23:54:34-06:00 | SMART MONEY - GOOD MONEY Market Runtime | FOREXCOM:US30 snapshot captured (live)
2026-04-23T23:55:04-06:00 | SMART MONEY - GOOD MONEY Market Runtime | PEPPERSTONE:XAUUSD snapshot captured (live)
2026-04-23T23:55:49-06:00 | SMART MONEY - GOOD MONEY Market Runtime | FOREXCOM:US30 snapshot captured (live)
2026-04-23T23:56:18-06:00 | SMART MONEY - GOOD MONEY Market Runtime | PEPPERSTONE:XAUUSD snapshot captured (live)
2026-04-23T23:57:07-06:00 | SMART MONEY - GOOD MONEY Market Runtime | FOREXCOM:US30 snapshot captured (live)
2026-04-23T23:57:36-06:00 | SMART MONEY - GOOD MONEY Market Runtime | PEPPERSTONE:XAUUSD snapshot captured (live)
2026-04-23T23:58:18-06:00 | SMART MONEY - GOOD MONEY Market Runtime | FOREXCOM:US30 snapshot captured (live)
2026-04-23T23:58:59-06:00 | SMART MONEY - GOOD MONEY Market Runtime | PEPPERSTONE:XAUUSD snapshot captured (live)
2026-04-23T23:59:40-06:00 | SMART MONEY - GOOD MONEY Market Runtime | FOREXCOM:US30 snapshot captured (live)
2026-04-24T00:00:10-06:00 | SMART MONEY - GOOD MONEY Market Runtime | PEPPERSTONE:XAUUSD snapshot captured (live)
2026-04-24T00:00:56-06:00 | SMART MONEY - GOOD MONEY Market Runtime | FOREXCOM:US30 snapshot captured (live)
2026-04-24T00:01:26-06:00 | SMART MONEY - GOOD MONEY Market Runtime | PEPPERSTONE:XAUUSD snapshot captured (live)
2026-04-24T00:02:14-06:00 | SMART MONEY - GOOD MONEY Market Runtime | FOREXCOM:US30 snapshot captured (live)
2026-04-24T00:02:44-06:00 | SMART MONEY - GOOD MONEY Market Runtime | PEPPERSTONE:XAUUSD snapshot captured (live)
2026-04-24T00:03:25-06:00 | SMART MONEY - GOOD MONEY Market Runtime | FOREXCOM:US30 snapshot captured (live)
2026-04-24T00:04:07-06:00 | SMART MONEY - GOOD MONEY Market Runtime | PEPPERSTONE:XAUUSD snapshot captured (live)
2026-04-24T00:04:48-06:00 | SMART MONEY - GOOD MONEY Market Runtime | FOREXCOM:US30 snapshot captured (live)
2026-04-24T00:05:17-06:00 | SMART MONEY - GOOD MONEY Market Runtime | PEPPERSTONE:XAUUSD snapshot captured (live)
2026-04-24T00:06:02-06:00 | SMART MONEY - GOOD MONEY Market Runtime | FOREXCOM:US30 snapshot captured (live)
2026-04-24T00:06:31-06:00 | SMART MONEY - GOOD MONEY Market Runtime | PEPPERSTONE:XAUUSD snapshot captured (live)
2026-04-24T00:07:20-06:00 | SMART MONEY - GOOD MONEY Market Runtime | FOREXCOM:US30 snapshot captured (live)
2026-04-24T00:07:50-06:00 | SMART MONEY - GOOD MONEY Market Runtime | PEPPERSTONE:XAUUSD snapshot captured (live)
2026-04-24T00:08:31-06:00 | SMART MONEY - GOOD MONEY Market Runtime | FOREXCOM:US30 snapshot captured (live)
2026-04-24T00:09:12-06:00 | SMART MONEY - GOOD MONEY Market Runtime | PEPPERSTONE:XAUUSD snapshot captured (live)
2026-04-24T00:09:53-06:00 | SMART MONEY - GOOD MONEY Market Runtime | FOREXCOM:US30 snapshot captured (live)
2026-04-24T00:10:22-06:00 | SMART MONEY - GOOD MONEY Market Runtime | PEPPERSTONE:XAUUSD snapshot captured (live)
2026-04-24T00:11:07-06:00 | SMART MONEY - GOOD MONEY Market Runtime | FOREXCOM:US30 snapshot captured (live)
2026-04-24T00:11:37-06:00 | SMART MONEY - GOOD MONEY Market Runtime | PEPPERSTONE:XAUUSD snapshot captured (live)
2026-04-24T00:12:25-06:00 | SMART MONEY - GOOD MONEY Market Runtime | FOREXCOM:US30 snapshot captured (live)
2026-04-24T00:12:54-06:00 | SMART MONEY - GOOD MONEY Market Runtime | PEPPERSTONE:XAUUSD snapshot captured (live)
2026-04-24T00:13:35-06:00 | SMART MONEY - GOOD MONEY Market Runtime | FOREXCOM:US30 snapshot captured (live)
2026-04-24T00:14:12-06:00 | SMART MONEY - GOOD MONEY Market Runtime | PEPPERSTONE:XAUUSD snapshot captured (live)
2026-04-24T00:14:53-06:00 | SMART MONEY - GOOD MONEY Market Runtime | FOREXCOM:US30 snapshot captured (live)
2026-04-24T00:15:26-06:00 | SMART MONEY - GOOD MONEY Market Runtime | PEPPERSTONE:XAUUSD snapshot captured (live)
2026-04-24T00:16:11-06:00 | SMART MONEY - GOOD MONEY Market Runtime | FOREXCOM:US30 snapshot captured (live)
2026-04-24T00:16:39-06:00 | SMART MONEY - GOOD MONEY Market Runtime | PEPPERSTONE:XAUUSD snapshot captured (live)
2026-04-24T00:17:20-06:00 | SMART MONEY - GOOD MONEY Market Runtime | FOREXCOM:US30 snapshot captured (live)
2026-04-24T00:17:50-06:00 | SMART MONEY - GOOD MONEY Market Runtime | PEPPERSTONE:XAUUSD snapshot captured (live)
2026-04-24T00:18:38-06:00 | SMART MONEY - GOOD MONEY Market Runtime | FOREXCOM:US30 snapshot captured (live)
2026-04-24T00:19:11-06:00 | SMART MONEY - GOOD MONEY Market Runtime | PEPPERSTONE:XAUUSD snapshot captured (live)
2026-04-24T00:19:52-06:00 | SMART MONEY - GOOD MONEY Market Runtime | FOREXCOM:US30 snapshot captured (live)
2026-04-24T00:20:25-06:00 | SMART MONEY - GOOD MONEY Market Runtime | PEPPERSTONE:XAUUSD snapshot captured (live)
2026-04-24T00:21:06-06:00 | SMART MONEY - GOOD MONEY Market Runtime | FOREXCOM:US30 snapshot captured (live)
2026-04-24T00:21:40-06:00 | SMART MONEY - GOOD MONEY Market Runtime | PEPPERSTONE:XAUUSD snapshot captured (live)
2026-04-24T00:22:25-06:00 | SMART MONEY - GOOD MONEY Market Runtime | FOREXCOM:US30 snapshot captured (live)
2026-04-24T00:22:54-06:00 | SMART MONEY - GOOD MONEY Market Runtime | PEPPERSTONE:XAUUSD snapshot captured (live)
2026-04-24T00:23:42-06:00 | SMART MONEY - GOOD MONEY Market Runtime | FOREXCOM:US30 snapshot captured (live)
2026-04-24T00:24:15-06:00 | SMART MONEY - GOOD MONEY Market Runtime | PEPPERSTONE:XAUUSD snapshot captured (live)
2026-04-24T00:24:56-06:00 | SMART MONEY - GOOD MONEY Market Runtime | FOREXCOM:US30 snapshot captured (live)
2026-04-24T00:25:29-06:00 | SMART MONEY - GOOD MONEY Market Runtime | PEPPERSTONE:XAUUSD snapshot captured (live)
2026-04-24T00:26:10-06:00 | SMART MONEY - GOOD MONEY Market Runtime | FOREXCOM:US30 snapshot captured (live)
2026-04-24T00:26:43-06:00 | SMART MONEY - GOOD MONEY Market Runtime | PEPPERSTONE:XAUUSD snapshot captured (live)
2026-04-24T00:27:24-06:00 | SMART MONEY - GOOD MONEY Market Runtime | FOREXCOM:US30 snapshot captured (live)
2026-04-24T00:27:54-06:00 | SMART MONEY - GOOD MONEY Market Runtime | PEPPERSTONE:XAUUSD snapshot captured (live)
2026-04-24T00:28:42-06:00 | SMART MONEY - GOOD MONEY Market Runtime | FOREXCOM:US30 snapshot captured (live)
2026-04-24T00:29:12-06:00 | SMART MONEY - GOOD MONEY Market Runtime | PEPPERSTONE:XAUUSD snapshot captured (live)
2026-04-24T00:29:57-06:00 | SMART MONEY - GOOD MONEY Market Runtime | FOREXCOM:US30 snapshot captured (live)
2026-04-24T00:30:33-06:00 | SMART MONEY - GOOD MONEY Market Runtime | PEPPERSTONE:XAUUSD snapshot captured (live)
2026-04-24T00:31:15-06:00 | SMART MONEY - GOOD MONEY Market Runtime | FOREXCOM:US30 snapshot captured (live)
2026-04-24T00:31:48-06:00 | SMART MONEY - GOOD MONEY Market Runtime | PEPPERSTONE:XAUUSD snapshot captured (live)
2026-04-24T00:32:29-06:00 | SMART MONEY - GOOD MONEY Market Runtime | FOREXCOM:US30 snapshot captured (live)
2026-04-24T00:32:59-06:00 | SMART MONEY - GOOD MONEY Market Runtime | PEPPERSTONE:XAUUSD snapshot captured (live)
2026-04-24T00:33:47-06:00 | SMART MONEY - GOOD MONEY Market Runtime | FOREXCOM:US30 snapshot captured (live)
2026-04-24T00:34:16-06:00 | SMART MONEY - GOOD MONEY Market Runtime | PEPPERSTONE:XAUUSD snapshot captured (live)
2026-04-24T00:35:01-06:00 | SMART MONEY - GOOD MONEY Market Runtime | FOREXCOM:US30 snapshot captured (live)
2026-04-24T00:35:38-06:00 | SMART MONEY - GOOD MONEY Market Runtime | PEPPERSTONE:XAUUSD snapshot captured (live)
2026-04-24T00:36:19-06:00 | SMART MONEY - GOOD MONEY Market Runtime | FOREXCOM:US30 snapshot captured (live)
2026-04-24T00:36:52-06:00 | SMART MONEY - GOOD MONEY Market Runtime | PEPPERSTONE:XAUUSD snapshot captured (live)
2026-04-24T00:37:34-06:00 | SMART MONEY - GOOD MONEY Market Runtime | FOREXCOM:US30 snapshot captured (live)
2026-04-24T00:38:03-06:00 | SMART MONEY - GOOD MONEY Market Runtime | PEPPERSTONE:XAUUSD snapshot captured (live)
2026-04-24T00:38:52-06:00 | SMART MONEY - GOOD MONEY Market Runtime | FOREXCOM:US30 snapshot captured (live)
2026-04-24T00:39:21-06:00 | SMART MONEY - GOOD MONEY Market Runtime | PEPPERSTONE:XAUUSD snapshot captured (live)
2026-04-24T00:40:06-06:00 | SMART MONEY - GOOD MONEY Market Runtime | FOREXCOM:US30 snapshot captured (live)
2026-04-24T00:40:43-06:00 | SMART MONEY - GOOD MONEY Market Runtime | PEPPERSTONE:XAUUSD snapshot captured (live)
2026-04-24T00:41:24-06:00 | SMART MONEY - GOOD MONEY Market Runtime | FOREXCOM:US30 snapshot captured (live)
2026-04-24T00:41:57-06:00 | SMART MONEY - GOOD MONEY Market Runtime | PEPPERSTONE:XAUUSD snapshot captured (live)
2026-04-24T00:42:38-06:00 | SMART MONEY - GOOD MONEY Market Runtime | FOREXCOM:US30 snapshot captured (live)
2026-04-24T00:43:08-06:00 | SMART MONEY - GOOD MONEY Market Runtime | PEPPERSTONE:XAUUSD snapshot captured (live)
2026-04-24T00:43:56-06:00 | SMART MONEY - GOOD MONEY Market Runtime | FOREXCOM:US30 snapshot captured (live)
2026-04-24T00:44:25-06:00 | SMART MONEY - GOOD MONEY Market Runtime | PEPPERSTONE:XAUUSD snapshot captured (live)
2026-04-24T00:45:11-06:00 | SMART MONEY - GOOD MONEY Market Runtime | FOREXCOM:US30 snapshot captured (live)
2026-04-24T00:45:48-06:00 | SMART MONEY - GOOD MONEY Market Runtime | PEPPERSTONE:XAUUSD snapshot captured (live)
2026-04-24T00:46:30-06:00 | SMART MONEY - GOOD MONEY Market Runtime | FOREXCOM:US30 snapshot captured (live)
2026-04-24T00:47:03-06:00 | SMART MONEY - GOOD MONEY Market Runtime | PEPPERSTONE:XAUUSD snapshot captured (live)
2026-04-24T00:47:44-06:00 | SMART MONEY - GOOD MONEY Market Runtime | FOREXCOM:US30 snapshot captured (live)
2026-04-24T00:48:14-06:00 | SMART MONEY - GOOD MONEY Market Runtime | PEPPERSTONE:XAUUSD snapshot captured (live)
2026-04-24T00:49:03-06:00 | SMART MONEY - GOOD MONEY Market Runtime | FOREXCOM:US30 snapshot captured (live)
2026-04-24T00:49:33-06:00 | SMART MONEY - GOOD MONEY Market Runtime | PEPPERSTONE:XAUUSD snapshot captured (live)
2026-04-24T00:50:19-06:00 | SMART MONEY - GOOD MONEY Market Runtime | FOREXCOM:US30 snapshot captured (live)
2026-04-24T00:50:56-06:00 | SMART MONEY - GOOD MONEY Market Runtime | PEPPERSTONE:XAUUSD snapshot captured (live)
2026-04-24T00:51:37-06:00 | SMART MONEY - GOOD MONEY Market Runtime | FOREXCOM:US30 snapshot captured (live)
2026-04-24T00:52:10-06:00 | SMART MONEY - GOOD MONEY Market Runtime | PEPPERSTONE:XAUUSD snapshot captured (live)
2026-04-24T00:52:51-06:00 | SMART MONEY - GOOD MONEY Market Runtime | FOREXCOM:US30 snapshot captured (live)
2026-04-24T00:53:22-06:00 | SMART MONEY - GOOD MONEY Market Runtime | PEPPERSTONE:XAUUSD snapshot captured (live)
2026-04-24T00:54:12-06:00 | SMART MONEY - GOOD MONEY Market Runtime | FOREXCOM:US30 snapshot captured (live)
2026-04-24T00:54:41-06:00 | SMART MONEY - GOOD MONEY Market Runtime | PEPPERSTONE:XAUUSD snapshot captured (live)
2026-04-24T00:55:27-06:00 | SMART MONEY - GOOD MONEY Market Runtime | FOREXCOM:US30 snapshot captured (live)
2026-04-24T00:56:05-06:00 | SMART MONEY - GOOD MONEY Market Runtime | PEPPERSTONE:XAUUSD snapshot captured (live)
2026-04-24T00:56:46-06:00 | SMART MONEY - GOOD MONEY Market Runtime | FOREXCOM:US30 snapshot captured (live)
2026-04-24T00:57:20-06:00 | SMART MONEY - GOOD MONEY Market Runtime | PEPPERSTONE:XAUUSD snapshot captured (live)
2026-04-24T00:58:02-06:00 | SMART MONEY - GOOD MONEY Market Runtime | FOREXCOM:US30 snapshot captured (live)
2026-04-24T00:58:32-06:00 | SMART MONEY - GOOD MONEY Market Runtime | PEPPERSTONE:XAUUSD snapshot captured (live)
2026-04-24T00:59:20-06:00 | SMART MONEY - GOOD MONEY Market Runtime | FOREXCOM:US30 snapshot captured (live)
2026-04-24T00:59:50-06:00 | SMART MONEY - GOOD MONEY Market Runtime | PEPPERSTONE:XAUUSD snapshot captured (live)
2026-04-24T01:00:36-06:00 | SMART MONEY - GOOD MONEY Market Runtime | FOREXCOM:US30 snapshot captured (live)
2026-04-24T01:01:13-06:00 | SMART MONEY - GOOD MONEY Market Runtime | PEPPERSTONE:XAUUSD snapshot captured (live)
2026-04-24T01:01:55-06:00 | SMART MONEY - GOOD MONEY Market Runtime | FOREXCOM:US30 snapshot captured (live)
2026-04-24T01:02:30-06:00 | SMART MONEY - GOOD MONEY Market Runtime | PEPPERSTONE:XAUUSD snapshot captured (live)
2026-04-24T01:03:11-06:00 | SMART MONEY - GOOD MONEY Market Runtime | FOREXCOM:US30 snapshot captured (live)
2026-04-24T01:03:41-06:00 | SMART MONEY - GOOD MONEY Market Runtime | PEPPERSTONE:XAUUSD snapshot captured (live)
2026-04-24T01:04:30-06:00 | SMART MONEY - GOOD MONEY Market Runtime | FOREXCOM:US30 snapshot captured (live)
2026-04-24T01:05:00-06:00 | SMART MONEY - GOOD MONEY Market Runtime | PEPPERSTONE:XAUUSD snapshot captured (live)
2026-04-24T01:05:45-06:00 | SMART MONEY - GOOD MONEY Market Runtime | FOREXCOM:US30 snapshot captured (live)
2026-04-24T01:06:23-06:00 | SMART MONEY - GOOD MONEY Market Runtime | PEPPERSTONE:XAUUSD snapshot captured (live)
2026-04-24T01:07:05-06:00 | SMART MONEY - GOOD MONEY Market Runtime | FOREXCOM:US30 snapshot captured (live)
2026-04-24T01:07:38-06:00 | SMART MONEY - GOOD MONEY Market Runtime | PEPPERSTONE:XAUUSD snapshot captured (live)
2026-04-24T01:08:20-06:00 | SMART MONEY - GOOD MONEY Market Runtime | FOREXCOM:US30 snapshot captured (live)
2026-04-24T01:08:49-06:00 | SMART MONEY - GOOD MONEY Market Runtime | PEPPERSTONE:XAUUSD snapshot captured (live)
2026-04-24T01:09:37-06:00 | SMART MONEY - GOOD MONEY Market Runtime | FOREXCOM:US30 snapshot captured (live)
2026-04-24T01:10:06-06:00 | SMART MONEY - GOOD MONEY Market Runtime | PEPPERSTONE:XAUUSD snapshot captured (live)
2026-04-24T01:10:52-06:00 | SMART MONEY - GOOD MONEY Market Runtime | FOREXCOM:US30 snapshot captured (live)
2026-04-24T01:11:29-06:00 | SMART MONEY - GOOD MONEY Market Runtime | PEPPERSTONE:XAUUSD snapshot captured (live)
2026-04-24T01:12:10-06:00 | SMART MONEY - GOOD MONEY Market Runtime | FOREXCOM:US30 snapshot captured (live)
2026-04-24T01:12:43-06:00 | SMART MONEY - GOOD MONEY Market Runtime | PEPPERSTONE:XAUUSD snapshot captured (live)
2026-04-24T01:13:25-06:00 | SMART MONEY - GOOD MONEY Market Runtime | FOREXCOM:US30 snapshot captured (live)
2026-04-24T01:13:55-06:00 | SMART MONEY - GOOD MONEY Market Runtime | PEPPERSTONE:XAUUSD snapshot captured (live)
2026-04-24T01:14:43-06:00 | SMART MONEY - GOOD MONEY Market Runtime | FOREXCOM:US30 snapshot captured (live)
2026-04-24T01:15:13-06:00 | SMART MONEY - GOOD MONEY Market Runtime | PEPPERSTONE:XAUUSD snapshot captured (live)
2026-04-24T01:15:58-06:00 | SMART MONEY - GOOD MONEY Market Runtime | FOREXCOM:US30 snapshot captured (live)
2026-04-24T01:16:35-06:00 | SMART MONEY - GOOD MONEY Market Runtime | PEPPERSTONE:XAUUSD snapshot captured (live)
2026-04-24T01:17:18-06:00 | SMART MONEY - GOOD MONEY Market Runtime | FOREXCOM:US30 snapshot captured (live)
2026-04-24T01:17:50-06:00 | SMART MONEY - GOOD MONEY Market Runtime | PEPPERSTONE:XAUUSD snapshot captured (live)
2026-04-24T01:18:32-06:00 | SMART MONEY - GOOD MONEY Market Runtime | FOREXCOM:US30 snapshot captured (live)
2026-04-24T01:19:02-06:00 | SMART MONEY - GOOD MONEY Market Runtime | PEPPERSTONE:XAUUSD snapshot captured (live)
2026-04-24T01:19:52-06:00 | SMART MONEY - GOOD MONEY Market Runtime | FOREXCOM:US30 snapshot captured (live)
2026-04-24T01:20:22-06:00 | SMART MONEY - GOOD MONEY Market Runtime | PEPPERSTONE:XAUUSD snapshot captured (live)
2026-04-24T01:21:08-06:00 | SMART MONEY - GOOD MONEY Market Runtime | FOREXCOM:US30 snapshot captured (live)
2026-04-24T01:21:46-06:00 | SMART MONEY - GOOD MONEY Market Runtime | PEPPERSTONE:XAUUSD snapshot captured (live)
2026-04-24T01:22:27-06:00 | SMART MONEY - GOOD MONEY Market Runtime | FOREXCOM:US30 snapshot captured (live)
2026-04-24T01:23:00-06:00 | SMART MONEY - GOOD MONEY Market Runtime | PEPPERSTONE:XAUUSD snapshot captured (live)
2026-04-24T01:23:41-06:00 | SMART MONEY - GOOD MONEY Market Runtime | FOREXCOM:US30 snapshot captured (live)
2026-04-24T01:24:11-06:00 | SMART MONEY - GOOD MONEY Market Runtime | PEPPERSTONE:XAUUSD snapshot captured (live)
2026-04-24T01:24:59-06:00 | SMART MONEY - GOOD MONEY Market Runtime | FOREXCOM:US30 snapshot captured (live)
2026-04-24T01:25:29-06:00 | SMART MONEY - GOOD MONEY Market Runtime | PEPPERSTONE:XAUUSD snapshot captured (live)
2026-04-24T01:26:15-06:00 | SMART MONEY - GOOD MONEY Market Runtime | FOREXCOM:US30 snapshot captured (live)
2026-04-24T01:26:52-06:00 | SMART MONEY - GOOD MONEY Market Runtime | PEPPERSTONE:XAUUSD snapshot captured (live)
2026-04-24T01:27:34-06:00 | SMART MONEY - GOOD MONEY Market Runtime | FOREXCOM:US30 snapshot captured (live)
2026-04-24T01:28:07-06:00 | SMART MONEY - GOOD MONEY Market Runtime | PEPPERSTONE:XAUUSD snapshot captured (live)
2026-04-24T01:28:48-06:00 | SMART MONEY - GOOD MONEY Market Runtime | FOREXCOM:US30 snapshot captured (live)
2026-04-24T01:29:19-06:00 | SMART MONEY - GOOD MONEY Market Runtime | PEPPERSTONE:XAUUSD snapshot captured (live)
2026-04-24T01:30:07-06:00 | SMART MONEY - GOOD MONEY Market Runtime | FOREXCOM:US30 snapshot captured (live)
2026-04-24T01:30:36-06:00 | SMART MONEY - GOOD MONEY Market Runtime | PEPPERSTONE:XAUUSD snapshot captured (live)
2026-04-24T01:31:21-06:00 | SMART MONEY - GOOD MONEY Market Runtime | FOREXCOM:US30 snapshot captured (live)
2026-04-24T01:31:58-06:00 | SMART MONEY - GOOD MONEY Market Runtime | PEPPERSTONE:XAUUSD snapshot captured (live)
2026-04-24T01:32:40-06:00 | SMART MONEY - GOOD MONEY Market Runtime | FOREXCOM:US30 snapshot captured (live)
2026-04-24T01:33:14-06:00 | SMART MONEY - GOOD MONEY Market Runtime | PEPPERSTONE:XAUUSD snapshot captured (live)
2026-04-24T01:33:55-06:00 | SMART MONEY - GOOD MONEY Market Runtime | FOREXCOM:US30 snapshot captured (live)
2026-04-24T01:34:25-06:00 | SMART MONEY - GOOD MONEY Market Runtime | PEPPERSTONE:XAUUSD snapshot captured (live)
2026-04-24T01:35:14-06:00 | SMART MONEY - GOOD MONEY Market Runtime | FOREXCOM:US30 snapshot captured (live)
2026-04-24T01:35:44-06:00 | SMART MONEY - GOOD MONEY Market Runtime | PEPPERSTONE:XAUUSD snapshot captured (live)
2026-04-24T01:36:29-06:00 | SMART MONEY - GOOD MONEY Market Runtime | FOREXCOM:US30 snapshot captured (live)
2026-04-24T01:37:06-06:00 | SMART MONEY - GOOD MONEY Market Runtime | PEPPERSTONE:XAUUSD snapshot captured (live)
2026-04-24T01:37:48-06:00 | SMART MONEY - GOOD MONEY Market Runtime | FOREXCOM:US30 snapshot captured (live)
2026-04-24T01:38:22-06:00 | SMART MONEY - GOOD MONEY Market Runtime | PEPPERSTONE:XAUUSD snapshot captured (live)
2026-04-24T01:39:04-06:00 | SMART MONEY - GOOD MONEY Market Runtime | FOREXCOM:US30 snapshot captured (live)
2026-04-24T01:39:34-06:00 | SMART MONEY - GOOD MONEY Market Runtime | PEPPERSTONE:XAUUSD snapshot captured (live)
2026-04-24T01:40:23-06:00 | SMART MONEY - GOOD MONEY Market Runtime | FOREXCOM:US30 snapshot captured (live)
2026-04-24T01:40:52-06:00 | SMART MONEY - GOOD MONEY Market Runtime | PEPPERSTONE:XAUUSD snapshot captured (live)
2026-04-24T01:41:38-06:00 | SMART MONEY - GOOD MONEY Market Runtime | FOREXCOM:US30 snapshot captured (live)
2026-04-24T01:42:15-06:00 | SMART MONEY - GOOD MONEY Market Runtime | PEPPERSTONE:XAUUSD snapshot captured (live)
2026-04-24T01:42:56-06:00 | SMART MONEY - GOOD MONEY Market Runtime | FOREXCOM:US30 snapshot captured (live)
2026-04-24T01:43:29-06:00 | SMART MONEY - GOOD MONEY Market Runtime | PEPPERSTONE:XAUUSD snapshot captured (live)
2026-04-24T01:44:10-06:00 | SMART MONEY - GOOD MONEY Market Runtime | FOREXCOM:US30 snapshot captured (live)
2026-04-24T01:44:40-06:00 | SMART MONEY - GOOD MONEY Market Runtime | PEPPERSTONE:XAUUSD snapshot captured (live)
2026-04-24T01:45:29-06:00 | SMART MONEY - GOOD MONEY Market Runtime | FOREXCOM:US30 snapshot captured (live)
2026-04-24T01:45:59-06:00 | SMART MONEY - GOOD MONEY Market Runtime | PEPPERSTONE:XAUUSD snapshot captured (live)
2026-04-24T01:46:44-06:00 | SMART MONEY - GOOD MONEY Market Runtime | FOREXCOM:US30 snapshot captured (live)
2026-04-24T01:47:20-06:00 | SMART MONEY - GOOD MONEY Market Runtime | PEPPERSTONE:XAUUSD snapshot captured (live)
2026-04-24T01:48:01-06:00 | SMART MONEY - GOOD MONEY Market Runtime | FOREXCOM:US30 snapshot captured (live)
2026-04-24T01:48:35-06:00 | SMART MONEY - GOOD MONEY Market Runtime | PEPPERSTONE:XAUUSD snapshot captured (live)
2026-04-24T01:49:17-06:00 | SMART MONEY - GOOD MONEY Market Runtime | FOREXCOM:US30 snapshot captured (live)
2026-04-24T01:49:47-06:00 | SMART MONEY - GOOD MONEY Market Runtime | PEPPERSTONE:XAUUSD snapshot captured (live)
2026-04-24T01:50:35-06:00 | SMART MONEY - GOOD MONEY Market Runtime | FOREXCOM:US30 snapshot captured (live)
2026-04-24T01:51:05-06:00 | SMART MONEY - GOOD MONEY Market Runtime | PEPPERSTONE:XAUUSD snapshot captured (live)
2026-04-24T01:51:50-06:00 | SMART MONEY - GOOD MONEY Market Runtime | FOREXCOM:US30 snapshot captured (live)
2026-04-24T01:52:28-06:00 | SMART MONEY - GOOD MONEY Market Runtime | PEPPERSTONE:XAUUSD snapshot captured (live)
2026-04-24T01:53:08-06:00 | SMART MONEY - GOOD MONEY Market Runtime | FOREXCOM:US30 snapshot captured (live)
2026-04-24T01:53:41-06:00 | SMART MONEY - GOOD MONEY Market Runtime | PEPPERSTONE:XAUUSD snapshot captured (live)
2026-04-24T01:54:23-06:00 | SMART MONEY - GOOD MONEY Market Runtime | FOREXCOM:US30 snapshot captured (live)
2026-04-24T01:54:56-06:00 | SMART MONEY - GOOD MONEY Market Runtime | PEPPERSTONE:XAUUSD snapshot captured (live)
2026-04-24T01:55:43-06:00 | SMART MONEY - GOOD MONEY Market Runtime | FOREXCOM:US30 snapshot captured (live)
2026-04-24T01:56:12-06:00 | SMART MONEY - GOOD MONEY Market Runtime | PEPPERSTONE:XAUUSD snapshot captured (live)
2026-04-24T01:56:58-06:00 | SMART MONEY - GOOD MONEY Market Runtime | FOREXCOM:US30 snapshot captured (live)
2026-04-24T01:57:35-06:00 | SMART MONEY - GOOD MONEY Market Runtime | PEPPERSTONE:XAUUSD snapshot captured (live)
2026-04-24T01:58:16-06:00 | SMART MONEY - GOOD MONEY Market Runtime | FOREXCOM:US30 snapshot captured (live)
2026-04-24T01:58:49-06:00 | SMART MONEY - GOOD MONEY Market Runtime | PEPPERSTONE:XAUUSD snapshot captured (live)
2026-04-24T01:59:31-06:00 | SMART MONEY - GOOD MONEY Market Runtime | FOREXCOM:US30 snapshot captured (live)
2026-04-24T02:00:00-06:00 | SMART MONEY - GOOD MONEY Market Runtime | PEPPERSTONE:XAUUSD snapshot captured (live)
2026-04-24T02:00:48-06:00 | SMART MONEY - GOOD MONEY Market Runtime | FOREXCOM:US30 snapshot captured (live)
2026-04-24T02:01:18-06:00 | SMART MONEY - GOOD MONEY Market Runtime | PEPPERSTONE:XAUUSD snapshot captured (live)
2026-04-24T02:02:03-06:00 | SMART MONEY - GOOD MONEY Market Runtime | FOREXCOM:US30 snapshot captured (live)
2026-04-24T02:02:39-06:00 | SMART MONEY - GOOD MONEY Market Runtime | PEPPERSTONE:XAUUSD snapshot captured (live)
2026-04-24T02:03:21-06:00 | SMART MONEY - GOOD MONEY Market Runtime | FOREXCOM:US30 snapshot captured (live)
2026-04-24T02:03:53-06:00 | SMART MONEY - GOOD MONEY Market Runtime | PEPPERSTONE:XAUUSD snapshot captured (live)
2026-04-24T02:04:35-06:00 | SMART MONEY - GOOD MONEY Market Runtime | FOREXCOM:US30 snapshot captured (live)
2026-04-24T02:05:04-06:00 | SMART MONEY - GOOD MONEY Market Runtime | PEPPERSTONE:XAUUSD snapshot captured (live)
2026-04-24T02:05:53-06:00 | SMART MONEY - GOOD MONEY Market Runtime | FOREXCOM:US30 snapshot captured (live)
2026-04-24T02:06:23-06:00 | SMART MONEY - GOOD MONEY Market Runtime | PEPPERSTONE:XAUUSD snapshot captured (live)
2026-04-24T02:07:07-06:00 | SMART MONEY - GOOD MONEY Market Runtime | FOREXCOM:US30 snapshot captured (live)
2026-04-24T02:07:44-06:00 | SMART MONEY - GOOD MONEY Market Runtime | PEPPERSTONE:XAUUSD snapshot captured (live)
2026-04-24T02:08:25-06:00 | SMART MONEY - GOOD MONEY Market Runtime | FOREXCOM:US30 snapshot captured (live)
2026-04-24T02:08:58-06:00 | SMART MONEY - GOOD MONEY Market Runtime | PEPPERSTONE:XAUUSD snapshot captured (live)
2026-04-24T02:09:40-06:00 | SMART MONEY - GOOD MONEY Market Runtime | FOREXCOM:US30 snapshot captured (live)
2026-04-24T02:10:09-06:00 | SMART MONEY - GOOD MONEY Market Runtime | PEPPERSTONE:XAUUSD snapshot captured (live)
2026-04-24T02:10:58-06:00 | SMART MONEY - GOOD MONEY Market Runtime | FOREXCOM:US30 snapshot captured (live)
2026-04-24T02:11:28-06:00 | SMART MONEY - GOOD MONEY Market Runtime | PEPPERSTONE:XAUUSD snapshot captured (live)
2026-04-24T02:12:12-06:00 | SMART MONEY - GOOD MONEY Market Runtime | FOREXCOM:US30 snapshot captured (live)
2026-04-24T02:12:49-06:00 | SMART MONEY - GOOD MONEY Market Runtime | PEPPERSTONE:XAUUSD snapshot captured (live)
2026-04-24T02:13:30-06:00 | SMART MONEY - GOOD MONEY Market Runtime | FOREXCOM:US30 snapshot captured (live)
2026-04-24T02:14:05-06:00 | SMART MONEY - GOOD MONEY Market Runtime | PEPPERSTONE:XAUUSD snapshot captured (live)
2026-04-24T02:14:46-06:00 | SMART MONEY - GOOD MONEY Market Runtime | FOREXCOM:US30 snapshot captured (live)
2026-04-24T02:15:16-06:00 | SMART MONEY - GOOD MONEY Market Runtime | PEPPERSTONE:XAUUSD snapshot captured (live)
2026-04-24T02:16:04-06:00 | SMART MONEY - GOOD MONEY Market Runtime | FOREXCOM:US30 snapshot captured (live)
2026-04-24T02:16:34-06:00 | SMART MONEY - GOOD MONEY Market Runtime | PEPPERSTONE:XAUUSD snapshot captured (live)
2026-04-24T02:17:19-06:00 | SMART MONEY - GOOD MONEY Market Runtime | FOREXCOM:US30 snapshot captured (live)
2026-04-24T02:17:56-06:00 | SMART MONEY - GOOD MONEY Market Runtime | PEPPERSTONE:XAUUSD snapshot captured (live)
2026-04-24T02:18:37-06:00 | SMART MONEY - GOOD MONEY Market Runtime | FOREXCOM:US30 snapshot captured (live)
2026-04-24T02:19:10-06:00 | SMART MONEY - GOOD MONEY Market Runtime | PEPPERSTONE:XAUUSD snapshot captured (live)
2026-04-24T02:19:52-06:00 | SMART MONEY - GOOD MONEY Market Runtime | FOREXCOM:US30 snapshot captured (live)
2026-04-24T02:20:21-06:00 | SMART MONEY - GOOD MONEY Market Runtime | PEPPERSTONE:XAUUSD snapshot captured (live)
2026-04-24T02:21:11-06:00 | SMART MONEY - GOOD MONEY Market Runtime | FOREXCOM:US30 snapshot captured (live)
2026-04-24T02:21:40-06:00 | SMART MONEY - GOOD MONEY Market Runtime | PEPPERSTONE:XAUUSD snapshot captured (live)
2026-04-24T02:22:25-06:00 | SMART MONEY - GOOD MONEY Market Runtime | FOREXCOM:US30 snapshot captured (live)
2026-04-24T02:23:01-06:00 | SMART MONEY - GOOD MONEY Market Runtime | PEPPERSTONE:XAUUSD snapshot captured (live)
2026-04-24T02:23:43-06:00 | SMART MONEY - GOOD MONEY Market Runtime | FOREXCOM:US30 snapshot captured (live)
2026-04-24T02:24:16-06:00 | SMART MONEY - GOOD MONEY Market Runtime | PEPPERSTONE:XAUUSD snapshot captured (live)
2026-04-24T02:24:57-06:00 | SMART MONEY - GOOD MONEY Market Runtime | FOREXCOM:US30 snapshot captured (live)
2026-04-24T02:25:27-06:00 | SMART MONEY - GOOD MONEY Market Runtime | PEPPERSTONE:XAUUSD snapshot captured (live)
2026-04-24T02:26:17-06:00 | SMART MONEY - GOOD MONEY Market Runtime | FOREXCOM:US30 snapshot captured (live)
2026-04-24T02:26:46-06:00 | SMART MONEY - GOOD MONEY Market Runtime | PEPPERSTONE:XAUUSD snapshot captured (live)
2026-04-24T02:27:32-06:00 | SMART MONEY - GOOD MONEY Market Runtime | FOREXCOM:US30 snapshot captured (live)
2026-04-24T02:28:08-06:00 | SMART MONEY - GOOD MONEY Market Runtime | PEPPERSTONE:XAUUSD snapshot captured (live)
2026-04-24T02:28:49-06:00 | SMART MONEY - GOOD MONEY Market Runtime | FOREXCOM:US30 snapshot captured (live)
2026-04-24T02:29:22-06:00 | SMART MONEY - GOOD MONEY Market Runtime | PEPPERSTONE:XAUUSD snapshot captured (live)
2026-04-24T02:30:04-06:00 | SMART MONEY - GOOD MONEY Market Runtime | FOREXCOM:US30 snapshot captured (live)
2026-04-24T02:30:33-06:00 | SMART MONEY - GOOD MONEY Market Runtime | PEPPERSTONE:XAUUSD snapshot captured (live)
2026-04-24T02:31:21-06:00 | SMART MONEY - GOOD MONEY Market Runtime | FOREXCOM:US30 snapshot captured (live)
2026-04-24T02:31:51-06:00 | SMART MONEY - GOOD MONEY Market Runtime | PEPPERSTONE:XAUUSD snapshot captured (live)
2026-04-24T02:32:36-06:00 | SMART MONEY - GOOD MONEY Market Runtime | FOREXCOM:US30 snapshot captured (live)
2026-04-24T02:33:13-06:00 | SMART MONEY - GOOD MONEY Market Runtime | PEPPERSTONE:XAUUSD snapshot captured (live)
2026-04-24T02:33:55-06:00 | SMART MONEY - GOOD MONEY Market Runtime | FOREXCOM:US30 snapshot captured (live)
2026-04-24T02:34:28-06:00 | SMART MONEY - GOOD MONEY Market Runtime | PEPPERSTONE:XAUUSD snapshot captured (live)
2026-04-24T02:35:09-06:00 | SMART MONEY - GOOD MONEY Market Runtime | FOREXCOM:US30 snapshot captured (live)
2026-04-24T02:35:39-06:00 | SMART MONEY - GOOD MONEY Market Runtime | PEPPERSTONE:XAUUSD snapshot captured (live)
2026-04-24T02:36:28-06:00 | SMART MONEY - GOOD MONEY Market Runtime | FOREXCOM:US30 snapshot captured (live)
2026-04-24T02:36:57-06:00 | SMART MONEY - GOOD MONEY Market Runtime | PEPPERSTONE:XAUUSD snapshot captured (live)
2026-04-24T02:37:42-06:00 | SMART MONEY - GOOD MONEY Market Runtime | FOREXCOM:US30 snapshot captured (live)
2026-04-24T02:38:19-06:00 | SMART MONEY - GOOD MONEY Market Runtime | PEPPERSTONE:XAUUSD snapshot captured (live)
2026-04-24T02:39:01-06:00 | SMART MONEY - GOOD MONEY Market Runtime | FOREXCOM:US30 snapshot captured (live)
2026-04-24T02:39:34-06:00 | SMART MONEY - GOOD MONEY Market Runtime | PEPPERSTONE:XAUUSD snapshot captured (live)
2026-04-24T02:40:15-06:00 | SMART MONEY - GOOD MONEY Market Runtime | FOREXCOM:US30 snapshot captured (live)
2026-04-24T02:40:44-06:00 | SMART MONEY - GOOD MONEY Market Runtime | PEPPERSTONE:XAUUSD snapshot captured (live)
2026-04-24T02:41:34-06:00 | SMART MONEY - GOOD MONEY Market Runtime | FOREXCOM:US30 snapshot captured (live)
2026-04-24T02:42:03-06:00 | SMART MONEY - GOOD MONEY Market Runtime | PEPPERSTONE:XAUUSD snapshot captured (live)
2026-04-24T02:42:48-06:00 | SMART MONEY - GOOD MONEY Market Runtime | FOREXCOM:US30 snapshot captured (live)
2026-04-24T02:43:26-06:00 | SMART MONEY - GOOD MONEY Market Runtime | PEPPERSTONE:XAUUSD snapshot captured (live)
2026-04-24T02:44:08-06:00 | SMART MONEY - GOOD MONEY Market Runtime | FOREXCOM:US30 snapshot captured (live)
2026-04-24T02:44:41-06:00 | SMART MONEY - GOOD MONEY Market Runtime | PEPPERSTONE:XAUUSD snapshot captured (live)
2026-04-24T02:45:22-06:00 | SMART MONEY - GOOD MONEY Market Runtime | FOREXCOM:US30 snapshot captured (live)
2026-04-24T02:45:52-06:00 | SMART MONEY - GOOD MONEY Market Runtime | PEPPERSTONE:XAUUSD snapshot captured (live)
2026-04-24T02:46:41-06:00 | SMART MONEY - GOOD MONEY Market Runtime | FOREXCOM:US30 snapshot captured (live)
2026-04-24T02:47:10-06:00 | SMART MONEY - GOOD MONEY Market Runtime | PEPPERSTONE:XAUUSD snapshot captured (live)
2026-04-24T02:47:55-06:00 | SMART MONEY - GOOD MONEY Market Runtime | FOREXCOM:US30 snapshot captured (live)
2026-04-24T02:48:31-06:00 | SMART MONEY - GOOD MONEY Market Runtime | PEPPERSTONE:XAUUSD snapshot captured (live)
2026-04-24T02:49:12-06:00 | SMART MONEY - GOOD MONEY Market Runtime | FOREXCOM:US30 snapshot captured (live)
2026-04-24T02:49:45-06:00 | SMART MONEY - GOOD MONEY Market Runtime | PEPPERSTONE:XAUUSD snapshot captured (live)
2026-04-24T02:50:26-06:00 | SMART MONEY - GOOD MONEY Market Runtime | FOREXCOM:US30 snapshot captured (live)
2026-04-24T02:50:56-06:00 | SMART MONEY - GOOD MONEY Market Runtime | PEPPERSTONE:XAUUSD snapshot captured (live)
2026-04-24T02:51:45-06:00 | SMART MONEY - GOOD MONEY Market Runtime | FOREXCOM:US30 snapshot captured (live)
2026-04-24T02:52:15-06:00 | SMART MONEY - GOOD MONEY Market Runtime | PEPPERSTONE:XAUUSD snapshot captured (live)
2026-04-24T02:53:00-06:00 | SMART MONEY - GOOD MONEY Market Runtime | FOREXCOM:US30 snapshot captured (live)
2026-04-24T02:53:36-06:00 | SMART MONEY - GOOD MONEY Market Runtime | PEPPERSTONE:XAUUSD snapshot captured (live)
2026-04-24T02:54:18-06:00 | SMART MONEY - GOOD MONEY Market Runtime | FOREXCOM:US30 snapshot captured (live)
2026-04-24T02:54:52-06:00 | SMART MONEY - GOOD MONEY Market Runtime | PEPPERSTONE:XAUUSD snapshot captured (live)
2026-04-24T02:55:33-06:00 | SMART MONEY - GOOD MONEY Market Runtime | FOREXCOM:US30 snapshot captured (live)
2026-04-24T02:56:03-06:00 | SMART MONEY - GOOD MONEY Market Runtime | PEPPERSTONE:XAUUSD snapshot captured (live)
2026-04-24T02:56:52-06:00 | SMART MONEY - GOOD MONEY Market Runtime | FOREXCOM:US30 snapshot captured (live)
2026-04-24T02:57:22-06:00 | SMART MONEY - GOOD MONEY Market Runtime | PEPPERSTONE:XAUUSD snapshot captured (live)
2026-04-24T02:58:07-06:00 | SMART MONEY - GOOD MONEY Market Runtime | FOREXCOM:US30 snapshot captured (live)
2026-04-24T02:58:43-06:00 | SMART MONEY - GOOD MONEY Market Runtime | PEPPERSTONE:XAUUSD snapshot captured (live)
2026-04-24T02:59:24-06:00 | SMART MONEY - GOOD MONEY Market Runtime | FOREXCOM:US30 snapshot captured (live)
2026-04-24T02:59:57-06:00 | SMART MONEY - GOOD MONEY Market Runtime | PEPPERSTONE:XAUUSD snapshot captured (live)
2026-04-24T03:00:38-06:00 | SMART MONEY - GOOD MONEY Market Runtime | FOREXCOM:US30 snapshot captured (live)
2026-04-24T03:01:09-06:00 | SMART MONEY - GOOD MONEY Market Runtime | PEPPERSTONE:XAUUSD snapshot captured (live)
2026-04-24T03:02:00-06:00 | SMART MONEY - GOOD MONEY Market Runtime | FOREXCOM:US30 snapshot captured (live)
2026-04-24T03:02:29-06:00 | SMART MONEY - GOOD MONEY Market Runtime | PEPPERSTONE:XAUUSD snapshot captured (live)
2026-04-24T03:03:14-06:00 | SMART MONEY - GOOD MONEY Market Runtime | FOREXCOM:US30 snapshot captured (live)
2026-04-24T03:03:51-06:00 | SMART MONEY - GOOD MONEY Market Runtime | PEPPERSTONE:XAUUSD snapshot captured (live)
2026-04-24T03:04:32-06:00 | SMART MONEY - GOOD MONEY Market Runtime | FOREXCOM:US30 snapshot captured (live)
2026-04-24T03:05:06-06:00 | SMART MONEY - GOOD MONEY Market Runtime | PEPPERSTONE:XAUUSD snapshot captured (live)
2026-04-24T03:05:47-06:00 | SMART MONEY - GOOD MONEY Market Runtime | FOREXCOM:US30 snapshot captured (live)
2026-04-24T03:06:17-06:00 | SMART MONEY - GOOD MONEY Market Runtime | PEPPERSTONE:XAUUSD snapshot captured (live)
2026-04-24T03:07:04-06:00 | SMART MONEY - GOOD MONEY Market Runtime | FOREXCOM:US30 snapshot captured (live)
2026-04-24T03:07:34-06:00 | SMART MONEY - GOOD MONEY Market Runtime | PEPPERSTONE:XAUUSD snapshot captured (live)
2026-04-24T03:08:19-06:00 | SMART MONEY - GOOD MONEY Market Runtime | FOREXCOM:US30 snapshot captured (live)
2026-04-24T03:08:56-06:00 | SMART MONEY - GOOD MONEY Market Runtime | PEPPERSTONE:XAUUSD snapshot captured (live)
2026-04-24T03:09:37-06:00 | SMART MONEY - GOOD MONEY Market Runtime | FOREXCOM:US30 snapshot captured (live)
2026-04-24T03:10:10-06:00 | SMART MONEY - GOOD MONEY Market Runtime | PEPPERSTONE:XAUUSD snapshot captured (live)
2026-04-24T03:10:51-06:00 | SMART MONEY - GOOD MONEY Market Runtime | FOREXCOM:US30 snapshot captured (live)
2026-04-24T03:11:21-06:00 | SMART MONEY - GOOD MONEY Market Runtime | PEPPERSTONE:XAUUSD snapshot captured (live)
2026-04-24T03:12:10-06:00 | SMART MONEY - GOOD MONEY Market Runtime | FOREXCOM:US30 snapshot captured (live)
2026-04-24T03:12:39-06:00 | SMART MONEY - GOOD MONEY Market Runtime | PEPPERSTONE:XAUUSD snapshot captured (live)
2026-04-24T03:13:24-06:00 | SMART MONEY - GOOD MONEY Market Runtime | FOREXCOM:US30 snapshot captured (live)
2026-04-24T03:14:01-06:00 | SMART MONEY - GOOD MONEY Market Runtime | PEPPERSTONE:XAUUSD snapshot captured (live)
2026-04-24T03:14:43-06:00 | SMART MONEY - GOOD MONEY Market Runtime | FOREXCOM:US30 snapshot captured (live)
2026-04-24T03:15:16-06:00 | SMART MONEY - GOOD MONEY Market Runtime | PEPPERSTONE:XAUUSD snapshot captured (live)
2026-04-24T03:15:57-06:00 | SMART MONEY - GOOD MONEY Market Runtime | FOREXCOM:US30 snapshot captured (live)
2026-04-24T03:16:27-06:00 | SMART MONEY - GOOD MONEY Market Runtime | PEPPERSTONE:XAUUSD snapshot captured (live)
2026-04-24T03:17:15-06:00 | SMART MONEY - GOOD MONEY Market Runtime | FOREXCOM:US30 snapshot captured (live)
2026-04-24T03:17:44-06:00 | SMART MONEY - GOOD MONEY Market Runtime | PEPPERSTONE:XAUUSD snapshot captured (live)
2026-04-24T03:18:29-06:00 | SMART MONEY - GOOD MONEY Market Runtime | FOREXCOM:US30 snapshot captured (live)
2026-04-24T03:19:06-06:00 | SMART MONEY - GOOD MONEY Market Runtime | PEPPERSTONE:XAUUSD snapshot captured (live)
2026-04-24T03:19:48-06:00 | SMART MONEY - GOOD MONEY Market Runtime | FOREXCOM:US30 snapshot captured (live)
2026-04-24T03:20:22-06:00 | SMART MONEY - GOOD MONEY Market Runtime | PEPPERSTONE:XAUUSD snapshot captured (live)
2026-04-24T03:21:03-06:00 | SMART MONEY - GOOD MONEY Market Runtime | FOREXCOM:US30 snapshot captured (live)
2026-04-24T03:21:33-06:00 | SMART MONEY - GOOD MONEY Market Runtime | PEPPERSTONE:XAUUSD snapshot captured (live)
2026-04-24T03:22:22-06:00 | SMART MONEY - GOOD MONEY Market Runtime | FOREXCOM:US30 snapshot captured (live)
2026-04-24T03:22:51-06:00 | SMART MONEY - GOOD MONEY Market Runtime | PEPPERSTONE:XAUUSD snapshot captured (live)
2026-04-24T03:23:36-06:00 | SMART MONEY - GOOD MONEY Market Runtime | FOREXCOM:US30 snapshot captured (live)
2026-04-24T03:24:13-06:00 | SMART MONEY - GOOD MONEY Market Runtime | PEPPERSTONE:XAUUSD snapshot captured (live)
2026-04-24T03:24:55-06:00 | SMART MONEY - GOOD MONEY Market Runtime | FOREXCOM:US30 snapshot captured (live)
2026-04-24T03:25:28-06:00 | SMART MONEY - GOOD MONEY Market Runtime | PEPPERSTONE:XAUUSD snapshot captured (live)
2026-04-24T03:26:10-06:00 | SMART MONEY - GOOD MONEY Market Runtime | FOREXCOM:US30 snapshot captured (live)
2026-04-24T03:26:39-06:00 | SMART MONEY - GOOD MONEY Market Runtime | PEPPERSTONE:XAUUSD snapshot captured (live)
2026-04-24T03:27:29-06:00 | SMART MONEY - GOOD MONEY Market Runtime | FOREXCOM:US30 snapshot captured (live)
2026-04-24T03:27:59-06:00 | SMART MONEY - GOOD MONEY Market Runtime | PEPPERSTONE:XAUUSD snapshot captured (live)
2026-04-24T03:28:44-06:00 | SMART MONEY - GOOD MONEY Market Runtime | FOREXCOM:US30 snapshot captured (live)
2026-04-24T03:29:20-06:00 | SMART MONEY - GOOD MONEY Market Runtime | PEPPERSTONE:XAUUSD snapshot captured (live)
2026-04-24T03:30:02-06:00 | SMART MONEY - GOOD MONEY Market Runtime | FOREXCOM:US30 snapshot captured (live)
2026-04-24T03:30:35-06:00 | SMART MONEY - GOOD MONEY Market Runtime | PEPPERSTONE:XAUUSD snapshot captured (live)
2026-04-24T03:31:16-06:00 | SMART MONEY - GOOD MONEY Market Runtime | FOREXCOM:US30 snapshot captured (live)
2026-04-24T03:31:46-06:00 | SMART MONEY - GOOD MONEY Market Runtime | PEPPERSTONE:XAUUSD snapshot captured (live)
2026-04-24T03:32:35-06:00 | SMART MONEY - GOOD MONEY Market Runtime | FOREXCOM:US30 snapshot captured (live)
2026-04-24T03:33:05-06:00 | SMART MONEY - GOOD MONEY Market Runtime | PEPPERSTONE:XAUUSD snapshot captured (live)
2026-04-24T03:33:50-06:00 | SMART MONEY - GOOD MONEY Market Runtime | FOREXCOM:US30 snapshot captured (live)
2026-04-24T03:34:28-06:00 | SMART MONEY - GOOD MONEY Market Runtime | PEPPERSTONE:XAUUSD snapshot captured (live)
2026-04-24T03:35:10-06:00 | SMART MONEY - GOOD MONEY Market Runtime | FOREXCOM:US30 snapshot captured (live)
2026-04-24T03:35:44-06:00 | SMART MONEY - GOOD MONEY Market Runtime | PEPPERSTONE:XAUUSD snapshot captured (live)
2026-04-24T03:36:25-06:00 | SMART MONEY - GOOD MONEY Market Runtime | FOREXCOM:US30 snapshot captured (live)
2026-04-24T03:36:55-06:00 | SMART MONEY - GOOD MONEY Market Runtime | PEPPERSTONE:XAUUSD snapshot captured (live)
2026-04-24T03:37:44-06:00 | SMART MONEY - GOOD MONEY Market Runtime | FOREXCOM:US30 snapshot captured (live)
2026-04-24T03:38:13-06:00 | SMART MONEY - GOOD MONEY Market Runtime | PEPPERSTONE:XAUUSD snapshot captured (live)
2026-04-24T03:38:58-06:00 | SMART MONEY - GOOD MONEY Market Runtime | FOREXCOM:US30 snapshot captured (live)
2026-04-24T03:39:35-06:00 | SMART MONEY - GOOD MONEY Market Runtime | PEPPERSTONE:XAUUSD snapshot captured (live)
2026-04-24T03:40:17-06:00 | SMART MONEY - GOOD MONEY Market Runtime | FOREXCOM:US30 snapshot captured (live)
2026-04-24T03:40:51-06:00 | SMART MONEY - GOOD MONEY Market Runtime | PEPPERSTONE:XAUUSD snapshot captured (live)
2026-04-24T03:41:32-06:00 | SMART MONEY - GOOD MONEY Market Runtime | FOREXCOM:US30 snapshot captured (live)
2026-04-24T03:42:02-06:00 | SMART MONEY - GOOD MONEY Market Runtime | PEPPERSTONE:XAUUSD snapshot captured (live)
2026-04-24T03:42:54-06:00 | SMART MONEY - GOOD MONEY Market Runtime | FOREXCOM:US30 snapshot captured (live)
2026-04-24T03:43:24-06:00 | SMART MONEY - GOOD MONEY Market Runtime | PEPPERSTONE:XAUUSD snapshot captured (live)
2026-04-24T03:44:09-06:00 | SMART MONEY - GOOD MONEY Market Runtime | FOREXCOM:US30 snapshot captured (live)
2026-04-24T03:44:45-06:00 | SMART MONEY - GOOD MONEY Market Runtime | PEPPERSTONE:XAUUSD snapshot captured (live)
2026-04-24T03:45:27-06:00 | SMART MONEY - GOOD MONEY Market Runtime | FOREXCOM:US30 snapshot captured (live)
2026-04-24T03:46:03-06:00 | SMART MONEY - GOOD MONEY Market Runtime | PEPPERSTONE:XAUUSD snapshot captured (live)
2026-04-24T03:46:45-06:00 | SMART MONEY - GOOD MONEY Market Runtime | FOREXCOM:US30 snapshot captured (live)
2026-04-24T03:47:15-06:00 | SMART MONEY - GOOD MONEY Market Runtime | PEPPERSTONE:XAUUSD snapshot captured (live)
2026-04-24T03:48:04-06:00 | SMART MONEY - GOOD MONEY Market Runtime | FOREXCOM:US30 snapshot captured (live)
2026-04-24T03:48:34-06:00 | SMART MONEY - GOOD MONEY Market Runtime | PEPPERSTONE:XAUUSD snapshot captured (live)
2026-04-24T03:49:22-06:00 | SMART MONEY - GOOD MONEY Market Runtime | FOREXCOM:US30 snapshot captured (live)
2026-04-24T03:50:02-06:00 | SMART MONEY - GOOD MONEY Market Runtime | PEPPERSTONE:XAUUSD snapshot captured (live)
2026-04-24T03:50:43-06:00 | SMART MONEY - GOOD MONEY Market Runtime | FOREXCOM:US30 snapshot captured (live)
2026-04-24T03:51:16-06:00 | SMART MONEY - GOOD MONEY Market Runtime | PEPPERSTONE:XAUUSD snapshot captured (live)
2026-04-24T03:51:57-06:00 | SMART MONEY - GOOD MONEY Market Runtime | FOREXCOM:US30 snapshot captured (live)
2026-04-24T03:52:27-06:00 | SMART MONEY - GOOD MONEY Market Runtime | PEPPERSTONE:XAUUSD snapshot captured (live)
2026-04-24T03:53:15-06:00 | SMART MONEY - GOOD MONEY Market Runtime | FOREXCOM:US30 snapshot captured (live)
2026-04-24T03:53:44-06:00 | SMART MONEY - GOOD MONEY Market Runtime | PEPPERSTONE:XAUUSD snapshot captured (live)
2026-04-24T03:54:29-06:00 | SMART MONEY - GOOD MONEY Market Runtime | FOREXCOM:US30 snapshot captured (live)
2026-04-24T03:55:06-06:00 | SMART MONEY - GOOD MONEY Market Runtime | PEPPERSTONE:XAUUSD snapshot captured (live)
2026-04-24T03:55:48-06:00 | SMART MONEY - GOOD MONEY Market Runtime | FOREXCOM:US30 snapshot captured (live)
2026-04-24T03:56:21-06:00 | SMART MONEY - GOOD MONEY Market Runtime | PEPPERSTONE:XAUUSD snapshot captured (live)
2026-04-24T03:57:02-06:00 | SMART MONEY - GOOD MONEY Market Runtime | FOREXCOM:US30 snapshot captured (live)
2026-04-24T03:57:31-06:00 | SMART MONEY - GOOD MONEY Market Runtime | PEPPERSTONE:XAUUSD snapshot captured (live)
2026-04-24T03:58:20-06:00 | SMART MONEY - GOOD MONEY Market Runtime | FOREXCOM:US30 snapshot captured (live)
2026-04-24T03:58:49-06:00 | SMART MONEY - GOOD MONEY Market Runtime | PEPPERSTONE:XAUUSD snapshot captured (live)
2026-04-24T03:59:35-06:00 | SMART MONEY - GOOD MONEY Market Runtime | FOREXCOM:US30 snapshot captured (live)
2026-04-24T04:00:14-06:00 | SMART MONEY - GOOD MONEY Market Runtime | PEPPERSTONE:XAUUSD snapshot captured (live)
2026-04-24T04:00:55-06:00 | SMART MONEY - GOOD MONEY Market Runtime | FOREXCOM:US30 snapshot captured (live)
2026-04-24T04:01:29-06:00 | SMART MONEY - GOOD MONEY Market Runtime | PEPPERSTONE:XAUUSD snapshot captured (live)
2026-04-24T04:02:10-06:00 | SMART MONEY - GOOD MONEY Market Runtime | FOREXCOM:US30 snapshot captured (live)
2026-04-24T04:02:38-06:00 | SMART MONEY - GOOD MONEY Market Runtime | PEPPERSTONE:XAUUSD snapshot captured (live)
2026-04-24T04:03:28-06:00 | SMART MONEY - GOOD MONEY Market Runtime | FOREXCOM:US30 snapshot captured (live)
2026-04-24T04:03:57-06:00 | SMART MONEY - GOOD MONEY Market Runtime | PEPPERSTONE:XAUUSD snapshot captured (live)
2026-04-24T04:04:42-06:00 | SMART MONEY - GOOD MONEY Market Runtime | FOREXCOM:US30 snapshot captured (live)
2026-04-24T04:05:19-06:00 | SMART MONEY - GOOD MONEY Market Runtime | PEPPERSTONE:XAUUSD snapshot captured (live)
2026-04-24T04:06:01-06:00 | SMART MONEY - GOOD MONEY Market Runtime | FOREXCOM:US30 snapshot captured (live)
2026-04-24T04:06:35-06:00 | SMART MONEY - GOOD MONEY Market Runtime | PEPPERSTONE:XAUUSD snapshot captured (live)
2026-04-24T04:07:16-06:00 | SMART MONEY - GOOD MONEY Market Runtime | FOREXCOM:US30 snapshot captured (live)
2026-04-24T04:07:46-06:00 | SMART MONEY - GOOD MONEY Market Runtime | PEPPERSTONE:XAUUSD snapshot captured (live)
2026-04-24T04:08:35-06:00 | SMART MONEY - GOOD MONEY Market Runtime | FOREXCOM:US30 snapshot captured (live)
2026-04-24T04:09:04-06:00 | SMART MONEY - GOOD MONEY Market Runtime | PEPPERSTONE:XAUUSD snapshot captured (live)
2026-04-24T04:09:49-06:00 | SMART MONEY - GOOD MONEY Market Runtime | FOREXCOM:US30 snapshot captured (live)
2026-04-24T04:10:26-06:00 | SMART MONEY - GOOD MONEY Market Runtime | PEPPERSTONE:XAUUSD snapshot captured (live)
2026-04-24T04:11:07-06:00 | SMART MONEY - GOOD MONEY Market Runtime | FOREXCOM:US30 snapshot captured (live)
2026-04-24T04:11:40-06:00 | SMART MONEY - GOOD MONEY Market Runtime | PEPPERSTONE:XAUUSD snapshot captured (live)
2026-04-24T04:12:22-06:00 | SMART MONEY - GOOD MONEY Market Runtime | FOREXCOM:US30 snapshot captured (live)
2026-04-24T04:12:51-06:00 | SMART MONEY - GOOD MONEY Market Runtime | PEPPERSTONE:XAUUSD snapshot captured (live)
2026-04-24T04:13:40-06:00 | SMART MONEY - GOOD MONEY Market Runtime | FOREXCOM:US30 snapshot captured (live)
2026-04-24T04:14:09-06:00 | SMART MONEY - GOOD MONEY Market Runtime | PEPPERSTONE:XAUUSD snapshot captured (live)
2026-04-24T04:14:54-06:00 | SMART MONEY - GOOD MONEY Market Runtime | FOREXCOM:US30 snapshot captured (live)
2026-04-24T04:15:31-06:00 | SMART MONEY - GOOD MONEY Market Runtime | PEPPERSTONE:XAUUSD snapshot captured (live)
2026-04-24T04:16:12-06:00 | SMART MONEY - GOOD MONEY Market Runtime | FOREXCOM:US30 snapshot captured (live)
2026-04-24T04:16:46-06:00 | SMART MONEY - GOOD MONEY Market Runtime | PEPPERSTONE:XAUUSD snapshot captured (live)
2026-04-24T04:17:28-06:00 | SMART MONEY - GOOD MONEY Market Runtime | FOREXCOM:US30 snapshot captured (live)
2026-04-24T04:17:57-06:00 | SMART MONEY - GOOD MONEY Market Runtime | PEPPERSTONE:XAUUSD snapshot captured (live)
2026-04-24T04:18:45-06:00 | SMART MONEY - GOOD MONEY Market Runtime | FOREXCOM:US30 snapshot captured (live)
2026-04-24T04:19:15-06:00 | SMART MONEY - GOOD MONEY Market Runtime | PEPPERSTONE:XAUUSD snapshot captured (live)
2026-04-24T04:20:00-06:00 | SMART MONEY - GOOD MONEY Market Runtime | FOREXCOM:US30 snapshot captured (live)
2026-04-24T04:20:37-06:00 | SMART MONEY - GOOD MONEY Market Runtime | PEPPERSTONE:XAUUSD snapshot captured (live)
2026-04-24T04:21:18-06:00 | SMART MONEY - GOOD MONEY Market Runtime | FOREXCOM:US30 snapshot captured (live)
2026-04-24T04:21:51-06:00 | SMART MONEY - GOOD MONEY Market Runtime | PEPPERSTONE:XAUUSD snapshot captured (live)
2026-04-24T04:22:33-06:00 | SMART MONEY - GOOD MONEY Market Runtime | FOREXCOM:US30 snapshot captured (live)
2026-04-24T04:23:02-06:00 | SMART MONEY - GOOD MONEY Market Runtime | PEPPERSTONE:XAUUSD snapshot captured (live)
2026-04-24T04:23:51-06:00 | SMART MONEY - GOOD MONEY Market Runtime | FOREXCOM:US30 snapshot captured (live)
2026-04-24T04:24:21-06:00 | SMART MONEY - GOOD MONEY Market Runtime | PEPPERSTONE:XAUUSD snapshot captured (live)
2026-04-24T04:25:06-06:00 | SMART MONEY - GOOD MONEY Market Runtime | FOREXCOM:US30 snapshot captured (live)
2026-04-24T04:25:43-06:00 | SMART MONEY - GOOD MONEY Market Runtime | PEPPERSTONE:XAUUSD snapshot captured (live)
2026-04-24T04:26:24-06:00 | SMART MONEY - GOOD MONEY Market Runtime | FOREXCOM:US30 snapshot captured (live)
2026-04-24T04:26:58-06:00 | SMART MONEY - GOOD MONEY Market Runtime | PEPPERSTONE:XAUUSD snapshot captured (live)
2026-04-24T04:27:39-06:00 | SMART MONEY - GOOD MONEY Market Runtime | FOREXCOM:US30 snapshot captured (live)
2026-04-24T04:28:08-06:00 | SMART MONEY - GOOD MONEY Market Runtime | PEPPERSTONE:XAUUSD snapshot captured (live)
2026-04-24T04:28:57-06:00 | SMART MONEY - GOOD MONEY Market Runtime | FOREXCOM:US30 snapshot captured (live)
2026-04-24T04:29:26-06:00 | SMART MONEY - GOOD MONEY Market Runtime | PEPPERSTONE:XAUUSD snapshot captured (live)
2026-04-24T04:30:11-06:00 | SMART MONEY - GOOD MONEY Market Runtime | FOREXCOM:US30 snapshot captured (live)
2026-04-24T04:30:47-06:00 | SMART MONEY - GOOD MONEY Market Runtime | PEPPERSTONE:XAUUSD snapshot captured (live)
2026-04-24T04:31:28-06:00 | SMART MONEY - GOOD MONEY Market Runtime | FOREXCOM:US30 snapshot captured (live)
2026-04-24T04:32:02-06:00 | SMART MONEY - GOOD MONEY Market Runtime | PEPPERSTONE:XAUUSD snapshot captured (live)
2026-04-24T04:32:43-06:00 | SMART MONEY - GOOD MONEY Market Runtime | FOREXCOM:US30 snapshot captured (live)
2026-04-24T04:33:13-06:00 | SMART MONEY - GOOD MONEY Market Runtime | PEPPERSTONE:XAUUSD snapshot captured (live)
2026-04-24T04:34:01-06:00 | SMART MONEY - GOOD MONEY Market Runtime | FOREXCOM:US30 snapshot captured (live)
2026-04-24T04:34:31-06:00 | SMART MONEY - GOOD MONEY Market Runtime | PEPPERSTONE:XAUUSD snapshot captured (live)
2026-04-24T04:35:15-06:00 | SMART MONEY - GOOD MONEY Market Runtime | FOREXCOM:US30 snapshot captured (live)
2026-04-24T04:35:53-06:00 | SMART MONEY - GOOD MONEY Market Runtime | PEPPERSTONE:XAUUSD snapshot captured (live)
2026-04-24T04:36:34-06:00 | SMART MONEY - GOOD MONEY Market Runtime | FOREXCOM:US30 snapshot captured (live)
2026-04-24T04:37:07-06:00 | SMART MONEY - GOOD MONEY Market Runtime | PEPPERSTONE:XAUUSD snapshot captured (live)
2026-04-24T04:37:48-06:00 | SMART MONEY - GOOD MONEY Market Runtime | FOREXCOM:US30 snapshot captured (live)
2026-04-24T04:38:18-06:00 | SMART MONEY - GOOD MONEY Market Runtime | PEPPERSTONE:XAUUSD snapshot captured (live)
2026-04-24T04:39:06-06:00 | SMART MONEY - GOOD MONEY Market Runtime | FOREXCOM:US30 snapshot captured (live)
2026-04-24T04:39:36-06:00 | SMART MONEY - GOOD MONEY Market Runtime | PEPPERSTONE:XAUUSD snapshot captured (live)
2026-04-24T04:40:21-06:00 | SMART MONEY - GOOD MONEY Market Runtime | FOREXCOM:US30 snapshot captured (live)
2026-04-24T04:40:58-06:00 | SMART MONEY - GOOD MONEY Market Runtime | PEPPERSTONE:XAUUSD snapshot captured (live)
2026-04-24T04:41:39-06:00 | SMART MONEY - GOOD MONEY Market Runtime | FOREXCOM:US30 snapshot captured (live)
2026-04-24T04:42:12-06:00 | SMART MONEY - GOOD MONEY Market Runtime | PEPPERSTONE:XAUUSD snapshot captured (live)
2026-04-24T04:42:53-06:00 | SMART MONEY - GOOD MONEY Market Runtime | FOREXCOM:US30 snapshot captured (live)
2026-04-24T04:43:22-06:00 | SMART MONEY - GOOD MONEY Market Runtime | PEPPERSTONE:XAUUSD snapshot captured (live)
2026-04-24T04:44:11-06:00 | SMART MONEY - GOOD MONEY Market Runtime | FOREXCOM:US30 snapshot captured (live)
2026-04-24T04:44:40-06:00 | SMART MONEY - GOOD MONEY Market Runtime | PEPPERSTONE:XAUUSD snapshot captured (live)
2026-04-24T04:45:25-06:00 | SMART MONEY - GOOD MONEY Market Runtime | FOREXCOM:US30 snapshot captured (live)
2026-04-24T04:46:02-06:00 | SMART MONEY - GOOD MONEY Market Runtime | PEPPERSTONE:XAUUSD snapshot captured (live)
2026-04-24T04:46:43-06:00 | SMART MONEY - GOOD MONEY Market Runtime | FOREXCOM:US30 snapshot captured (live)
2026-04-24T04:47:17-06:00 | SMART MONEY - GOOD MONEY Market Runtime | PEPPERSTONE:XAUUSD snapshot captured (live)
2026-04-24T04:47:58-06:00 | SMART MONEY - GOOD MONEY Market Runtime | FOREXCOM:US30 snapshot captured (live)
2026-04-24T04:48:29-06:00 | SMART MONEY - GOOD MONEY Market Runtime | PEPPERSTONE:XAUUSD snapshot captured (live)
2026-04-24T04:49:17-06:00 | SMART MONEY - GOOD MONEY Market Runtime | FOREXCOM:US30 snapshot captured (live)
2026-04-24T04:49:46-06:00 | SMART MONEY - GOOD MONEY Market Runtime | PEPPERSTONE:XAUUSD snapshot captured (live)
2026-04-24T04:50:31-06:00 | SMART MONEY - GOOD MONEY Market Runtime | FOREXCOM:US30 snapshot captured (live)
2026-04-24T04:51:08-06:00 | SMART MONEY - GOOD MONEY Market Runtime | PEPPERSTONE:XAUUSD snapshot captured (live)
2026-04-24T04:51:49-06:00 | SMART MONEY - GOOD MONEY Market Runtime | FOREXCOM:US30 snapshot captured (live)
2026-04-24T04:52:22-06:00 | SMART MONEY - GOOD MONEY Market Runtime | PEPPERSTONE:XAUUSD snapshot captured (live)
2026-04-24T04:53:03-06:00 | SMART MONEY - GOOD MONEY Market Runtime | FOREXCOM:US30 snapshot captured (live)
2026-04-24T04:53:33-06:00 | SMART MONEY - GOOD MONEY Market Runtime | PEPPERSTONE:XAUUSD snapshot captured (live)
2026-04-24T04:54:23-06:00 | SMART MONEY - GOOD MONEY Market Runtime | FOREXCOM:US30 snapshot captured (live)
2026-04-24T04:54:52-06:00 | SMART MONEY - GOOD MONEY Market Runtime | PEPPERSTONE:XAUUSD snapshot captured (live)
2026-04-24T04:55:37-06:00 | SMART MONEY - GOOD MONEY Market Runtime | FOREXCOM:US30 snapshot captured (live)
2026-04-24T04:56:13-06:00 | SMART MONEY - GOOD MONEY Market Runtime | PEPPERSTONE:XAUUSD snapshot captured (live)
2026-04-24T04:56:55-06:00 | SMART MONEY - GOOD MONEY Market Runtime | FOREXCOM:US30 snapshot captured (live)
2026-04-24T04:57:28-06:00 | SMART MONEY - GOOD MONEY Market Runtime | PEPPERSTONE:XAUUSD snapshot captured (live)
2026-04-24T04:58:09-06:00 | SMART MONEY - GOOD MONEY Market Runtime | FOREXCOM:US30 snapshot captured (live)
2026-04-24T04:58:39-06:00 | SMART MONEY - GOOD MONEY Market Runtime | PEPPERSTONE:XAUUSD snapshot captured (live)
2026-04-24T04:59:28-06:00 | SMART MONEY - GOOD MONEY Market Runtime | FOREXCOM:US30 snapshot captured (live)
2026-04-24T04:59:57-06:00 | SMART MONEY - GOOD MONEY Market Runtime | PEPPERSTONE:XAUUSD snapshot captured (live)
2026-04-24T05:00:43-06:00 | SMART MONEY - GOOD MONEY Market Runtime | FOREXCOM:US30 snapshot captured (live)
2026-04-24T05:01:20-06:00 | SMART MONEY - GOOD MONEY Market Runtime | PEPPERSTONE:XAUUSD snapshot captured (live)
2026-04-24T05:02:01-06:00 | SMART MONEY - GOOD MONEY Market Runtime | FOREXCOM:US30 snapshot captured (live)
2026-04-24T05:02:34-06:00 | SMART MONEY - GOOD MONEY Market Runtime | PEPPERSTONE:XAUUSD snapshot captured (live)
2026-04-24T05:03:16-06:00 | SMART MONEY - GOOD MONEY Market Runtime | FOREXCOM:US30 snapshot captured (live)
2026-04-24T05:03:45-06:00 | SMART MONEY - GOOD MONEY Market Runtime | PEPPERSTONE:XAUUSD snapshot captured (live)
2026-04-24T05:04:35-06:00 | SMART MONEY - GOOD MONEY Market Runtime | FOREXCOM:US30 snapshot captured (live)
2026-04-24T05:05:04-06:00 | SMART MONEY - GOOD MONEY Market Runtime | PEPPERSTONE:XAUUSD snapshot captured (live)
2026-04-24T05:05:49-06:00 | SMART MONEY - GOOD MONEY Market Runtime | FOREXCOM:US30 snapshot captured (live)
2026-04-24T05:06:26-06:00 | SMART MONEY - GOOD MONEY Market Runtime | PEPPERSTONE:XAUUSD snapshot captured (live)
2026-04-24T05:07:07-06:00 | SMART MONEY - GOOD MONEY Market Runtime | FOREXCOM:US30 snapshot captured (live)
2026-04-24T05:07:40-06:00 | SMART MONEY - GOOD MONEY Market Runtime | PEPPERSTONE:XAUUSD snapshot captured (live)
2026-04-24T05:08:21-06:00 | SMART MONEY - GOOD MONEY Market Runtime | FOREXCOM:US30 snapshot captured (live)
2026-04-24T05:08:51-06:00 | SMART MONEY - GOOD MONEY Market Runtime | PEPPERSTONE:XAUUSD snapshot captured (live)
2026-04-24T05:09:40-06:00 | SMART MONEY - GOOD MONEY Market Runtime | FOREXCOM:US30 snapshot captured (live)
2026-04-24T05:10:09-06:00 | SMART MONEY - GOOD MONEY Market Runtime | PEPPERSTONE:XAUUSD snapshot captured (live)
2026-04-24T05:10:55-06:00 | SMART MONEY - GOOD MONEY Market Runtime | FOREXCOM:US30 snapshot captured (live)
2026-04-24T05:11:31-06:00 | SMART MONEY - GOOD MONEY Market Runtime | PEPPERSTONE:XAUUSD snapshot captured (live)
2026-04-24T05:12:12-06:00 | SMART MONEY - GOOD MONEY Market Runtime | FOREXCOM:US30 snapshot captured (live)
2026-04-24T05:12:46-06:00 | SMART MONEY - GOOD MONEY Market Runtime | PEPPERSTONE:XAUUSD snapshot captured (live)
2026-04-24T05:13:27-06:00 | SMART MONEY - GOOD MONEY Market Runtime | FOREXCOM:US30 snapshot captured (live)
2026-04-24T05:13:56-06:00 | SMART MONEY - GOOD MONEY Market Runtime | PEPPERSTONE:XAUUSD snapshot captured (live)
2026-04-24T05:14:45-06:00 | SMART MONEY - GOOD MONEY Market Runtime | FOREXCOM:US30 snapshot captured (live)
2026-04-24T05:15:15-06:00 | SMART MONEY - GOOD MONEY Market Runtime | PEPPERSTONE:XAUUSD snapshot captured (live)
2026-04-24T05:16:00-06:00 | SMART MONEY - GOOD MONEY Market Runtime | FOREXCOM:US30 snapshot captured (live)
2026-04-24T05:16:36-06:00 | SMART MONEY - GOOD MONEY Market Runtime | PEPPERSTONE:XAUUSD snapshot captured (live)
2026-04-24T05:17:17-06:00 | SMART MONEY - GOOD MONEY Market Runtime | FOREXCOM:US30 snapshot captured (live)
2026-04-24T05:17:50-06:00 | SMART MONEY - GOOD MONEY Market Runtime | PEPPERSTONE:XAUUSD snapshot captured (live)
2026-04-24T05:18:31-06:00 | SMART MONEY - GOOD MONEY Market Runtime | FOREXCOM:US30 snapshot captured (live)
2026-04-24T05:19:01-06:00 | SMART MONEY - GOOD MONEY Market Runtime | PEPPERSTONE:XAUUSD snapshot captured (live)
2026-04-24T05:19:49-06:00 | SMART MONEY - GOOD MONEY Market Runtime | FOREXCOM:US30 snapshot captured (live)
2026-04-24T05:20:18-06:00 | SMART MONEY - GOOD MONEY Market Runtime | PEPPERSTONE:XAUUSD snapshot captured (live)
2026-04-24T05:21:03-06:00 | SMART MONEY - GOOD MONEY Market Runtime | FOREXCOM:US30 snapshot captured (live)
2026-04-24T05:21:33-06:00 | SMART MONEY - GOOD MONEY Market Runtime | PEPPERSTONE:XAUUSD snapshot captured (live)
2026-04-24T05:22:14-06:00 | SMART MONEY - GOOD MONEY Market Runtime | FOREXCOM:US30 snapshot captured (live)
2026-04-24T05:22:55-06:00 | SMART MONEY - GOOD MONEY Market Runtime | PEPPERSTONE:XAUUSD snapshot captured (live)
2026-04-24T05:23:37-06:00 | SMART MONEY - GOOD MONEY Market Runtime | FOREXCOM:US30 snapshot captured (live)
2026-04-24T05:24:06-06:00 | SMART MONEY - GOOD MONEY Market Runtime | PEPPERSTONE:XAUUSD snapshot captured (live)
2026-04-24T05:24:54-06:00 | SMART MONEY - GOOD MONEY Market Runtime | FOREXCOM:US30 snapshot captured (live)
2026-04-24T05:25:23-06:00 | SMART MONEY - GOOD MONEY Market Runtime | PEPPERSTONE:XAUUSD snapshot captured (live)
2026-04-24T05:26:07-06:00 | SMART MONEY - GOOD MONEY Market Runtime | FOREXCOM:US30 snapshot captured (live)
2026-04-24T05:26:37-06:00 | SMART MONEY - GOOD MONEY Market Runtime | PEPPERSTONE:XAUUSD snapshot captured (live)
2026-04-24T05:27:18-06:00 | SMART MONEY - GOOD MONEY Market Runtime | FOREXCOM:US30 snapshot captured (live)
2026-04-24T05:28:00-06:00 | SMART MONEY - GOOD MONEY Market Runtime | PEPPERSTONE:XAUUSD snapshot captured (live)
2026-04-24T05:28:41-06:00 | SMART MONEY - GOOD MONEY Market Runtime | FOREXCOM:US30 snapshot captured (live)
2026-04-24T05:29:11-06:00 | SMART MONEY - GOOD MONEY Market Runtime | PEPPERSTONE:XAUUSD snapshot captured (live)
2026-04-24T05:30:01-06:00 | SMART MONEY - GOOD MONEY Market Runtime | FOREXCOM:US30 snapshot captured (live)
2026-04-24T05:30:31-06:00 | SMART MONEY - GOOD MONEY Market Runtime | PEPPERSTONE:XAUUSD snapshot captured (live)
2026-04-24T05:31:16-06:00 | SMART MONEY - GOOD MONEY Market Runtime | FOREXCOM:US30 snapshot captured (live)
2026-04-24T05:31:47-06:00 | SMART MONEY - GOOD MONEY Market Runtime | PEPPERSTONE:XAUUSD snapshot captured (live)
2026-04-24T05:32:28-06:00 | SMART MONEY - GOOD MONEY Market Runtime | FOREXCOM:US30 snapshot captured (live)
2026-04-24T05:33:08-06:00 | SMART MONEY - GOOD MONEY Market Runtime | PEPPERSTONE:XAUUSD snapshot captured (live)
2026-04-24T05:33:49-06:00 | SMART MONEY - GOOD MONEY Market Runtime | FOREXCOM:US30 snapshot captured (live)
2026-04-24T05:34:19-06:00 | SMART MONEY - GOOD MONEY Market Runtime | PEPPERSTONE:XAUUSD snapshot captured (live)
2026-04-24T05:35:07-06:00 | SMART MONEY - GOOD MONEY Market Runtime | FOREXCOM:US30 snapshot captured (live)
2026-04-24T05:35:37-06:00 | SMART MONEY - GOOD MONEY Market Runtime | PEPPERSTONE:XAUUSD snapshot captured (live)
2026-04-24T05:36:23-06:00 | SMART MONEY - GOOD MONEY Market Runtime | FOREXCOM:US30 snapshot captured (live)
2026-04-24T05:36:52-06:00 | SMART MONEY - GOOD MONEY Market Runtime | PEPPERSTONE:XAUUSD snapshot captured (live)
2026-04-24T05:37:33-06:00 | SMART MONEY - GOOD MONEY Market Runtime | FOREXCOM:US30 snapshot captured (live)
2026-04-24T05:38:14-06:00 | SMART MONEY - GOOD MONEY Market Runtime | PEPPERSTONE:XAUUSD snapshot captured (live)
2026-04-24T05:38:56-06:00 | SMART MONEY - GOOD MONEY Market Runtime | FOREXCOM:US30 snapshot captured (live)
2026-04-24T05:39:56-06:00 | SMART MONEY - GOOD MONEY Market Runtime | PEPPERSTONE:XAUUSD snapshot captured (live)
2026-04-24T05:40:45-06:00 | SMART MONEY - GOOD MONEY Market Runtime | FOREXCOM:US30 snapshot captured (live)
2026-04-24T05:41:14-06:00 | SMART MONEY - GOOD MONEY Market Runtime | PEPPERSTONE:XAUUSD snapshot captured (live)
2026-04-24T05:41:59-06:00 | SMART MONEY - GOOD MONEY Market Runtime | FOREXCOM:US30 snapshot captured (live)
2026-04-24T05:42:28-06:00 | SMART MONEY - GOOD MONEY Market Runtime | PEPPERSTONE:XAUUSD snapshot captured (live)
2026-04-24T05:43:09-06:00 | SMART MONEY - GOOD MONEY Market Runtime | FOREXCOM:US30 snapshot captured (live)
2026-04-24T05:43:49-06:00 | SMART MONEY - GOOD MONEY Market Runtime | PEPPERSTONE:XAUUSD snapshot captured (live)
2026-04-24T05:44:30-06:00 | SMART MONEY - GOOD MONEY Market Runtime | FOREXCOM:US30 snapshot captured (live)
2026-04-24T05:44:59-06:00 | SMART MONEY - GOOD MONEY Market Runtime | PEPPERSTONE:XAUUSD snapshot captured (live)
2026-04-24T05:45:40-06:00 | SMART MONEY - GOOD MONEY Market Runtime | FOREXCOM:US30 snapshot captured (live)
2026-04-24T05:46:09-06:00 | SMART MONEY - GOOD MONEY Market Runtime | PEPPERSTONE:XAUUSD snapshot captured (live)
2026-04-24T05:46:58-06:00 | SMART MONEY - GOOD MONEY Market Runtime | FOREXCOM:US30 snapshot captured (live)
2026-04-24T05:47:27-06:00 | SMART MONEY - GOOD MONEY Market Runtime | PEPPERSTONE:XAUUSD snapshot captured (live)
2026-04-24T05:48:12-06:00 | SMART MONEY - GOOD MONEY Market Runtime | FOREXCOM:US30 snapshot captured (live)
2026-04-24T05:48:53-06:00 | SMART MONEY - GOOD MONEY Market Runtime | PEPPERSTONE:XAUUSD snapshot captured (live)
2026-04-24T05:49:34-06:00 | SMART MONEY - GOOD MONEY Market Runtime | FOREXCOM:US30 snapshot captured (live)
2026-04-24T05:50:04-06:00 | SMART MONEY - GOOD MONEY Market Runtime | PEPPERSTONE:XAUUSD snapshot captured (live)
2026-04-24T05:50:46-06:00 | SMART MONEY - GOOD MONEY Market Runtime | FOREXCOM:US30 snapshot captured (live)
2026-04-24T05:51:15-06:00 | SMART MONEY - GOOD MONEY Market Runtime | PEPPERSTONE:XAUUSD snapshot captured (live)
2026-04-24T05:52:03-06:00 | SMART MONEY - GOOD MONEY Market Runtime | FOREXCOM:US30 snapshot captured (live)
2026-04-24T05:52:32-06:00 | SMART MONEY - GOOD MONEY Market Runtime | PEPPERSTONE:XAUUSD snapshot captured (live)
2026-04-24T05:53:16-06:00 | SMART MONEY - GOOD MONEY Market Runtime | FOREXCOM:US30 snapshot captured (live)
2026-04-24T05:53:57-06:00 | SMART MONEY - GOOD MONEY Market Runtime | PEPPERSTONE:XAUUSD snapshot captured (live)
2026-04-24T05:54:38-06:00 | SMART MONEY - GOOD MONEY Market Runtime | FOREXCOM:US30 snapshot captured (live)
2026-04-24T05:55:08-06:00 | SMART MONEY - GOOD MONEY Market Runtime | PEPPERSTONE:XAUUSD snapshot captured (live)
2026-04-24T05:55:49-06:00 | SMART MONEY - GOOD MONEY Market Runtime | FOREXCOM:US30 snapshot captured (live)
2026-04-24T05:56:18-06:00 | SMART MONEY - GOOD MONEY Market Runtime | PEPPERSTONE:XAUUSD snapshot captured (live)
2026-04-24T05:56:59-06:00 | SMART MONEY - GOOD MONEY Market Runtime | FOREXCOM:US30 snapshot captured (live)
2026-04-24T05:57:28-06:00 | SMART MONEY - GOOD MONEY Market Runtime | PEPPERSTONE:XAUUSD snapshot captured (live)
2026-04-24T05:58:20-06:00 | SMART MONEY - GOOD MONEY Market Runtime | FOREXCOM:US30 snapshot captured (live)
2026-04-24T05:58:53-06:00 | SMART MONEY - GOOD MONEY Market Runtime | PEPPERSTONE:XAUUSD snapshot captured (live)
2026-04-24T05:59:33-06:00 | SMART MONEY - GOOD MONEY Market Runtime | FOREXCOM:US30 snapshot captured (live)
2026-04-24T06:00:10-06:00 | SMART MONEY - GOOD MONEY Market Runtime | PEPPERSTONE:XAUUSD snapshot captured (live)
2026-04-24T06:00:51-06:00 | SMART MONEY - GOOD MONEY Market Runtime | FOREXCOM:US30 snapshot captured (live)
2026-04-24T06:01:20-06:00 | SMART MONEY - GOOD MONEY Market Runtime | PEPPERSTONE:XAUUSD snapshot captured (live)
2026-04-24T06:02:01-06:00 | SMART MONEY - GOOD MONEY Market Runtime | FOREXCOM:US30 snapshot captured (live)
2026-04-24T06:02:29-06:00 | SMART MONEY - GOOD MONEY Market Runtime | PEPPERSTONE:XAUUSD snapshot captured (live)
2026-04-24T06:03:11-06:00 | SMART MONEY - GOOD MONEY Market Runtime | FOREXCOM:US30 snapshot captured (live)
2026-04-24T06:03:40-06:00 | SMART MONEY - GOOD MONEY Market Runtime | PEPPERSTONE:XAUUSD snapshot captured (live)
2026-04-24T06:04:32-06:00 | SMART MONEY - GOOD MONEY Market Runtime | FOREXCOM:US30 snapshot captured (live)
2026-04-24T06:05:09-06:00 | SMART MONEY - GOOD MONEY Market Runtime | PEPPERSTONE:XAUUSD snapshot captured (live)
2026-04-24T06:05:50-06:00 | SMART MONEY - GOOD MONEY Market Runtime | FOREXCOM:US30 snapshot captured (live)
2026-04-24T06:06:23-06:00 | SMART MONEY - GOOD MONEY Market Runtime | PEPPERSTONE:XAUUSD snapshot captured (live)
2026-04-24T06:07:04-06:00 | SMART MONEY - GOOD MONEY Market Runtime | FOREXCOM:US30 snapshot captured (live)
2026-04-24T06:07:34-06:00 | SMART MONEY - GOOD MONEY Market Runtime | PEPPERSTONE:XAUUSD snapshot captured (live)
2026-04-24T06:08:15-06:00 | SMART MONEY - GOOD MONEY Market Runtime | FOREXCOM:US30 snapshot captured (live)
2026-04-24T06:08:44-06:00 | SMART MONEY - GOOD MONEY Market Runtime | PEPPERSTONE:XAUUSD snapshot captured (live)
2026-04-24T06:09:31-06:00 | SMART MONEY - GOOD MONEY Market Runtime | FOREXCOM:US30 snapshot captured (live)
2026-04-24T06:10:01-06:00 | SMART MONEY - GOOD MONEY Market Runtime | PEPPERSTONE:XAUUSD snapshot captured (live)
2026-04-24T06:10:45-06:00 | SMART MONEY - GOOD MONEY Market Runtime | FOREXCOM:US30 snapshot captured (live)
2026-04-24T06:11:23-06:00 | SMART MONEY - GOOD MONEY Market Runtime | PEPPERSTONE:XAUUSD snapshot captured (live)
2026-04-24T06:12:03-06:00 | SMART MONEY - GOOD MONEY Market Runtime | FOREXCOM:US30 snapshot captured (live)
2026-04-24T06:12:37-06:00 | SMART MONEY - GOOD MONEY Market Runtime | PEPPERSTONE:XAUUSD snapshot captured (live)
2026-04-24T06:13:18-06:00 | SMART MONEY - GOOD MONEY Market Runtime | FOREXCOM:US30 snapshot captured (live)
2026-04-24T06:13:47-06:00 | SMART MONEY - GOOD MONEY Market Runtime | PEPPERSTONE:XAUUSD snapshot captured (live)
2026-04-24T06:14:32-06:00 | SMART MONEY - GOOD MONEY Market Runtime | FOREXCOM:US30 snapshot captured (live)
2026-04-24T06:15:01-06:00 | SMART MONEY - GOOD MONEY Market Runtime | PEPPERSTONE:XAUUSD snapshot captured (live)
2026-04-24T06:15:50-06:00 | SMART MONEY - GOOD MONEY Market Runtime | FOREXCOM:US30 snapshot captured (live)
2026-04-24T06:16:26-06:00 | SMART MONEY - GOOD MONEY Market Runtime | PEPPERSTONE:XAUUSD snapshot captured (live)
2026-04-24T06:17:07-06:00 | SMART MONEY - GOOD MONEY Market Runtime | FOREXCOM:US30 snapshot captured (live)
2026-04-24T06:17:40-06:00 | SMART MONEY - GOOD MONEY Market Runtime | PEPPERSTONE:XAUUSD snapshot captured (live)
2026-04-24T06:18:23-06:00 | SMART MONEY - GOOD MONEY Market Runtime | FOREXCOM:US30 snapshot captured (live)
2026-04-24T06:18:53-06:00 | SMART MONEY - GOOD MONEY Market Runtime | PEPPERSTONE:XAUUSD snapshot captured (live)
2026-04-24T06:19:38-06:00 | SMART MONEY - GOOD MONEY Market Runtime | FOREXCOM:US30 snapshot captured (live)
2026-04-24T06:20:08-06:00 | SMART MONEY - GOOD MONEY Market Runtime | PEPPERSTONE:XAUUSD snapshot captured (live)
2026-04-24T06:20:56-06:00 | SMART MONEY - GOOD MONEY Market Runtime | FOREXCOM:US30 snapshot captured (live)
2026-04-24T06:21:33-06:00 | SMART MONEY - GOOD MONEY Market Runtime | PEPPERSTONE:XAUUSD snapshot captured (live)
2026-04-24T06:22:14-06:00 | SMART MONEY - GOOD MONEY Market Runtime | FOREXCOM:US30 snapshot captured (live)
2026-04-24T06:22:46-06:00 | SMART MONEY - GOOD MONEY Market Runtime | PEPPERSTONE:XAUUSD snapshot captured (live)
2026-04-24T06:23:28-06:00 | SMART MONEY - GOOD MONEY Market Runtime | FOREXCOM:US30 snapshot captured (live)
2026-04-24T06:23:58-06:00 | SMART MONEY - GOOD MONEY Market Runtime | PEPPERSTONE:XAUUSD snapshot captured (live)
2026-04-24T06:24:43-06:00 | SMART MONEY - GOOD MONEY Market Runtime | FOREXCOM:US30 snapshot captured (live)
2026-04-24T06:25:13-06:00 | SMART MONEY - GOOD MONEY Market Runtime | PEPPERSTONE:XAUUSD snapshot captured (live)
2026-04-24T06:26:03-06:00 | SMART MONEY - GOOD MONEY Market Runtime | FOREXCOM:US30 snapshot captured (live)
2026-04-24T06:26:39-06:00 | SMART MONEY - GOOD MONEY Market Runtime | PEPPERSTONE:XAUUSD snapshot captured (live)
2026-04-24T06:27:20-06:00 | SMART MONEY - GOOD MONEY Market Runtime | FOREXCOM:US30 snapshot captured (live)
2026-04-24T06:27:53-06:00 | SMART MONEY - GOOD MONEY Market Runtime | PEPPERSTONE:XAUUSD snapshot captured (live)
2026-04-24T06:28:35-06:00 | SMART MONEY - GOOD MONEY Market Runtime | FOREXCOM:US30 snapshot captured (live)
2026-04-24T06:29:04-06:00 | SMART MONEY - GOOD MONEY Market Runtime | PEPPERSTONE:XAUUSD snapshot captured (live)
2026-04-24T06:29:49-06:00 | SMART MONEY - GOOD MONEY Market Runtime | FOREXCOM:US30 snapshot captured (live)
2026-04-24T06:30:18-06:00 | SMART MONEY - GOOD MONEY Market Runtime | PEPPERSTONE:XAUUSD snapshot captured (live)
2026-04-24T06:31:07-06:00 | SMART MONEY - GOOD MONEY Market Runtime | FOREXCOM:US30 snapshot captured (live)
2026-04-24T06:31:44-06:00 | SMART MONEY - GOOD MONEY Market Runtime | PEPPERSTONE:XAUUSD snapshot captured (live)
2026-04-24T06:32:25-06:00 | SMART MONEY - GOOD MONEY Market Runtime | FOREXCOM:US30 snapshot captured (live)
2026-04-24T06:32:58-06:00 | SMART MONEY - GOOD MONEY Market Runtime | PEPPERSTONE:XAUUSD snapshot captured (live)
2026-04-24T06:33:39-06:00 | SMART MONEY - GOOD MONEY Market Runtime | FOREXCOM:US30 snapshot captured (live)
2026-04-24T06:34:09-06:00 | SMART MONEY - GOOD MONEY Market Runtime | PEPPERSTONE:XAUUSD snapshot captured (live)
2026-04-24T06:34:54-06:00 | SMART MONEY - GOOD MONEY Market Runtime | FOREXCOM:US30 snapshot captured (live)
2026-04-24T06:35:24-06:00 | SMART MONEY - GOOD MONEY Market Runtime | PEPPERSTONE:XAUUSD snapshot captured (live)
2026-04-24T06:36:12-06:00 | SMART MONEY - GOOD MONEY Market Runtime | FOREXCOM:US30 snapshot captured (live)
2026-04-24T06:36:50-06:00 | SMART MONEY - GOOD MONEY Market Runtime | PEPPERSTONE:XAUUSD snapshot captured (live)
2026-04-24T06:37:32-06:00 | SMART MONEY - GOOD MONEY Market Runtime | FOREXCOM:US30 snapshot captured (live)
2026-04-24T06:38:06-06:00 | SMART MONEY - GOOD MONEY Market Runtime | PEPPERSTONE:XAUUSD snapshot captured (live)
2026-04-24T06:38:47-06:00 | SMART MONEY - GOOD MONEY Market Runtime | FOREXCOM:US30 snapshot captured (live)
2026-04-24T06:39:17-06:00 | SMART MONEY - GOOD MONEY Market Runtime | PEPPERSTONE:XAUUSD snapshot captured (live)
2026-04-24T06:40:03-06:00 | SMART MONEY - GOOD MONEY Market Runtime | FOREXCOM:US30 snapshot captured (live)
2026-04-24T06:40:32-06:00 | SMART MONEY - GOOD MONEY Market Runtime | PEPPERSTONE:XAUUSD snapshot captured (live)
2026-04-24T06:41:21-06:00 | SMART MONEY - GOOD MONEY Market Runtime | FOREXCOM:US30 snapshot captured (live)
2026-04-24T06:41:59-06:00 | SMART MONEY - GOOD MONEY Market Runtime | PEPPERSTONE:XAUUSD snapshot captured (live)
2026-04-24T06:42:40-06:00 | SMART MONEY - GOOD MONEY Market Runtime | FOREXCOM:US30 snapshot captured (live)
2026-04-24T06:43:13-06:00 | SMART MONEY - GOOD MONEY Market Runtime | PEPPERSTONE:XAUUSD snapshot captured (live)
2026-04-24T06:43:54-06:00 | SMART MONEY - GOOD MONEY Market Runtime | FOREXCOM:US30 snapshot captured (live)
2026-04-24T06:44:24-06:00 | SMART MONEY - GOOD MONEY Market Runtime | PEPPERSTONE:XAUUSD snapshot captured (live)
2026-04-24T06:45:11-06:00 | SMART MONEY - GOOD MONEY Market Runtime | FOREXCOM:US30 snapshot captured (live)
2026-04-24T06:45:40-06:00 | SMART MONEY - GOOD MONEY Market Runtime | PEPPERSTONE:XAUUSD snapshot captured (live)
2026-04-24T06:46:28-06:00 | SMART MONEY - GOOD MONEY Market Runtime | FOREXCOM:US30 snapshot captured (live)
2026-04-24T06:47:05-06:00 | SMART MONEY - GOOD MONEY Market Runtime | PEPPERSTONE:XAUUSD snapshot captured (live)
2026-04-24T06:47:47-06:00 | SMART MONEY - GOOD MONEY Market Runtime | FOREXCOM:US30 snapshot captured (live)
2026-04-24T06:48:21-06:00 | SMART MONEY - GOOD MONEY Market Runtime | PEPPERSTONE:XAUUSD snapshot captured (live)
2026-04-24T06:49:03-06:00 | SMART MONEY - GOOD MONEY Market Runtime | FOREXCOM:US30 snapshot captured (live)
2026-04-24T06:49:32-06:00 | SMART MONEY - GOOD MONEY Market Runtime | PEPPERSTONE:XAUUSD snapshot captured (live)
2026-04-24T06:50:17-06:00 | SMART MONEY - GOOD MONEY Market Runtime | FOREXCOM:US30 snapshot captured (live)
2026-04-24T06:50:47-06:00 | SMART MONEY - GOOD MONEY Market Runtime | PEPPERSTONE:XAUUSD snapshot captured (live)
2026-04-24T06:51:35-06:00 | SMART MONEY - GOOD MONEY Market Runtime | FOREXCOM:US30 snapshot captured (live)
2026-04-24T06:52:12-06:00 | SMART MONEY - GOOD MONEY Market Runtime | PEPPERSTONE:XAUUSD snapshot captured (live)
2026-04-24T06:52:54-06:00 | SMART MONEY - GOOD MONEY Market Runtime | FOREXCOM:US30 snapshot captured (live)
2026-04-24T06:53:27-06:00 | SMART MONEY - GOOD MONEY Market Runtime | PEPPERSTONE:XAUUSD snapshot captured (live)
2026-04-24T06:54:09-06:00 | SMART MONEY - GOOD MONEY Market Runtime | FOREXCOM:US30 snapshot captured (live)
2026-04-24T06:54:39-06:00 | SMART MONEY - GOOD MONEY Market Runtime | PEPPERSTONE:XAUUSD snapshot captured (live)
2026-04-24T06:55:23-06:00 | SMART MONEY - GOOD MONEY Market Runtime | FOREXCOM:US30 snapshot captured (live)
2026-04-24T06:55:53-06:00 | SMART MONEY - GOOD MONEY Market Runtime | PEPPERSTONE:XAUUSD snapshot captured (live)
2026-04-24T06:56:41-06:00 | SMART MONEY - GOOD MONEY Market Runtime | FOREXCOM:US30 snapshot captured (live)
2026-04-24T06:57:18-06:00 | SMART MONEY - GOOD MONEY Market Runtime | PEPPERSTONE:XAUUSD snapshot captured (live)
2026-04-24T06:57:59-06:00 | SMART MONEY - GOOD MONEY Market Runtime | FOREXCOM:US30 snapshot captured (live)
2026-04-24T06:58:32-06:00 | SMART MONEY - GOOD MONEY Market Runtime | PEPPERSTONE:XAUUSD snapshot captured (live)
2026-04-24T06:59:14-06:00 | SMART MONEY - GOOD MONEY Market Runtime | FOREXCOM:US30 snapshot captured (live)
2026-04-24T06:59:43-06:00 | SMART MONEY - GOOD MONEY Market Runtime | PEPPERSTONE:XAUUSD snapshot captured (live)
2026-04-24T07:00:27-06:00 | SMART MONEY - GOOD MONEY Market Runtime | FOREXCOM:US30 snapshot captured (live)
2026-04-24T07:00:57-06:00 | SMART MONEY - GOOD MONEY Market Runtime | PEPPERSTONE:XAUUSD snapshot captured (live)
2026-04-24T07:01:45-06:00 | SMART MONEY - GOOD MONEY Market Runtime | FOREXCOM:US30 snapshot captured (live)
2026-04-24T07:02:22-06:00 | SMART MONEY - GOOD MONEY Market Runtime | PEPPERSTONE:XAUUSD snapshot captured (live)
2026-04-24T07:03:03-06:00 | SMART MONEY - GOOD MONEY Market Runtime | FOREXCOM:US30 snapshot captured (live)
2026-04-24T07:03:37-06:00 | SMART MONEY - GOOD MONEY Market Runtime | PEPPERSTONE:XAUUSD snapshot captured (live)
2026-04-24T07:04:18-06:00 | SMART MONEY - GOOD MONEY Market Runtime | FOREXCOM:US30 snapshot captured (live)
2026-04-24T07:04:48-06:00 | SMART MONEY - GOOD MONEY Market Runtime | PEPPERSTONE:XAUUSD snapshot captured (live)
2026-04-24T07:05:32-06:00 | SMART MONEY - GOOD MONEY Market Runtime | FOREXCOM:US30 snapshot captured (live)
2026-04-24T07:06:02-06:00 | SMART MONEY - GOOD MONEY Market Runtime | PEPPERSTONE:XAUUSD snapshot captured (live)
2026-04-24T07:06:51-06:00 | SMART MONEY - GOOD MONEY Market Runtime | FOREXCOM:US30 snapshot captured (live)
2026-04-24T07:07:27-06:00 | SMART MONEY - GOOD MONEY Market Runtime | PEPPERSTONE:XAUUSD snapshot captured (live)
2026-04-24T07:08:08-06:00 | SMART MONEY - GOOD MONEY Market Runtime | FOREXCOM:US30 snapshot captured (live)
2026-04-24T07:08:42-06:00 | SMART MONEY - GOOD MONEY Market Runtime | PEPPERSTONE:XAUUSD snapshot captured (live)
2026-04-24T07:09:23-06:00 | SMART MONEY - GOOD MONEY Market Runtime | FOREXCOM:US30 snapshot captured (live)
2026-04-24T07:09:54-06:00 | SMART MONEY - GOOD MONEY Market Runtime | PEPPERSTONE:XAUUSD snapshot captured (live)
2026-04-24T07:10:38-06:00 | SMART MONEY - GOOD MONEY Market Runtime | FOREXCOM:US30 snapshot captured (live)
2026-04-24T07:11:08-06:00 | SMART MONEY - GOOD MONEY Market Runtime | PEPPERSTONE:XAUUSD snapshot captured (live)
2026-04-24T07:11:56-06:00 | SMART MONEY - GOOD MONEY Market Runtime | FOREXCOM:US30 snapshot captured (live)
2026-04-24T07:12:32-06:00 | SMART MONEY - GOOD MONEY Market Runtime | PEPPERSTONE:XAUUSD snapshot captured (live)
2026-04-24T07:13:14-06:00 | SMART MONEY - GOOD MONEY Market Runtime | FOREXCOM:US30 snapshot captured (live)
2026-04-24T07:13:47-06:00 | SMART MONEY - GOOD MONEY Market Runtime | PEPPERSTONE:XAUUSD snapshot captured (live)
2026-04-24T07:14:29-06:00 | SMART MONEY - GOOD MONEY Market Runtime | FOREXCOM:US30 snapshot captured (live)
2026-04-24T07:14:59-06:00 | SMART MONEY - GOOD MONEY Market Runtime | PEPPERSTONE:XAUUSD snapshot captured (live)
2026-04-24T07:15:44-06:00 | SMART MONEY - GOOD MONEY Market Runtime | FOREXCOM:US30 snapshot captured (live)
2026-04-24T07:16:14-06:00 | SMART MONEY - GOOD MONEY Market Runtime | PEPPERSTONE:XAUUSD snapshot captured (live)
2026-04-24T07:17:03-06:00 | SMART MONEY - GOOD MONEY Market Runtime | FOREXCOM:US30 snapshot captured (live)
2026-04-24T07:17:39-06:00 | SMART MONEY - GOOD MONEY Market Runtime | PEPPERSTONE:XAUUSD snapshot captured (live)
2026-04-24T07:18:19-06:00 | SMART MONEY - GOOD MONEY Market Runtime | FOREXCOM:US30 snapshot captured (live)
2026-04-24T07:18:53-06:00 | SMART MONEY - GOOD MONEY Market Runtime | PEPPERSTONE:XAUUSD snapshot captured (live)
2026-04-24T07:19:35-06:00 | SMART MONEY - GOOD MONEY Market Runtime | FOREXCOM:US30 snapshot captured (live)
2026-04-24T07:20:04-06:00 | SMART MONEY - GOOD MONEY Market Runtime | PEPPERSTONE:XAUUSD snapshot captured (live)
2026-04-24T07:20:49-06:00 | SMART MONEY - GOOD MONEY Market Runtime | FOREXCOM:US30 snapshot captured (live)
2026-04-24T07:21:19-06:00 | SMART MONEY - GOOD MONEY Market Runtime | PEPPERSTONE:XAUUSD snapshot captured (live)
2026-04-24T07:22:06-06:00 | SMART MONEY - GOOD MONEY Market Runtime | FOREXCOM:US30 snapshot captured (live)
2026-04-24T07:22:43-06:00 | SMART MONEY - GOOD MONEY Market Runtime | PEPPERSTONE:XAUUSD snapshot captured (live)
2026-04-24T07:23:24-06:00 | SMART MONEY - GOOD MONEY Market Runtime | FOREXCOM:US30 snapshot captured (live)
2026-04-24T07:23:57-06:00 | SMART MONEY - GOOD MONEY Market Runtime | PEPPERSTONE:XAUUSD snapshot captured (live)
2026-04-24T07:24:39-06:00 | SMART MONEY - GOOD MONEY Market Runtime | FOREXCOM:US30 snapshot captured (live)
2026-04-24T07:25:08-06:00 | SMART MONEY - GOOD MONEY Market Runtime | PEPPERSTONE:XAUUSD snapshot captured (live)
2026-04-24T07:25:54-06:00 | SMART MONEY - GOOD MONEY Market Runtime | FOREXCOM:US30 snapshot captured (live)
2026-04-24T07:26:23-06:00 | SMART MONEY - GOOD MONEY Market Runtime | PEPPERSTONE:XAUUSD snapshot captured (live)
2026-04-24T07:27:12-06:00 | SMART MONEY - GOOD MONEY Market Runtime | FOREXCOM:US30 snapshot captured (live)
2026-04-24T07:27:49-06:00 | SMART MONEY - GOOD MONEY Market Runtime | PEPPERSTONE:XAUUSD snapshot captured (live)
2026-04-24T07:28:30-06:00 | SMART MONEY - GOOD MONEY Market Runtime | FOREXCOM:US30 snapshot captured (live)
2026-04-24T07:29:03-06:00 | SMART MONEY - GOOD MONEY Market Runtime | PEPPERSTONE:XAUUSD snapshot captured (live)
2026-04-24T07:29:44-06:00 | SMART MONEY - GOOD MONEY Market Runtime | FOREXCOM:US30 snapshot captured (live)
2026-04-24T07:30:14-06:00 | SMART MONEY - GOOD MONEY Market Runtime | PEPPERSTONE:XAUUSD snapshot captured (live)
2026-04-24T07:30:58-06:00 | SMART MONEY - GOOD MONEY Market Runtime | FOREXCOM:US30 snapshot captured (live)
2026-04-24T07:31:28-06:00 | SMART MONEY - GOOD MONEY Market Runtime | PEPPERSTONE:XAUUSD snapshot captured (live)
2026-04-24T07:32:16-06:00 | SMART MONEY - GOOD MONEY Market Runtime | FOREXCOM:US30 snapshot captured (live)
2026-04-24T07:32:49-06:00 | SMART MONEY - GOOD MONEY Market Runtime | PEPPERSTONE:XAUUSD snapshot captured (live)
2026-04-24T07:33:30-06:00 | SMART MONEY - GOOD MONEY Market Runtime | FOREXCOM:US30 snapshot captured (live)
2026-04-24T07:34:02-06:00 | SMART MONEY - GOOD MONEY Market Runtime | PEPPERSTONE:XAUUSD snapshot captured (live)
2026-04-24T07:34:43-06:00 | SMART MONEY - GOOD MONEY Market Runtime | FOREXCOM:US30 snapshot captured (live)
2026-04-24T07:35:16-06:00 | SMART MONEY - GOOD MONEY Market Runtime | PEPPERSTONE:XAUUSD snapshot captured (live)
2026-04-24T07:35:58-06:00 | SMART MONEY - GOOD MONEY Market Runtime | FOREXCOM:US30 snapshot captured (live)
2026-04-24T07:36:28-06:00 | SMART MONEY - GOOD MONEY Market Runtime | PEPPERSTONE:XAUUSD snapshot captured (live)
2026-04-24T07:37:19-06:00 | SMART MONEY - GOOD MONEY Market Runtime | FOREXCOM:US30 snapshot captured (live)
2026-04-24T07:37:52-06:00 | SMART MONEY - GOOD MONEY Market Runtime | PEPPERSTONE:XAUUSD snapshot captured (live)
2026-04-24T07:38:33-06:00 | SMART MONEY - GOOD MONEY Market Runtime | FOREXCOM:US30 snapshot captured (live)
2026-04-24T07:39:06-06:00 | SMART MONEY - GOOD MONEY Market Runtime | PEPPERSTONE:XAUUSD snapshot captured (live)
2026-04-24T07:39:47-06:00 | SMART MONEY - GOOD MONEY Market Runtime | FOREXCOM:US30 snapshot captured (live)
2026-04-24T07:40:19-06:00 | SMART MONEY - GOOD MONEY Market Runtime | PEPPERSTONE:XAUUSD snapshot captured (live)
2026-04-24T07:41:00-06:00 | SMART MONEY - GOOD MONEY Market Runtime | FOREXCOM:US30 snapshot captured (live)
2026-04-24T07:41:30-06:00 | SMART MONEY - GOOD MONEY Market Runtime | PEPPERSTONE:XAUUSD snapshot captured (live)
2026-04-24T07:42:11-06:00 | SMART MONEY - GOOD MONEY Market Runtime | FOREXCOM:US30 snapshot captured (live)
2026-04-24T07:42:39-06:00 | SMART MONEY - GOOD MONEY Market Runtime | PEPPERSTONE:XAUUSD snapshot captured (live)
2026-04-24T07:43:32-06:00 | SMART MONEY - GOOD MONEY Market Runtime | FOREXCOM:US30 snapshot captured (live)
2026-04-24T07:44:05-06:00 | SMART MONEY - GOOD MONEY Market Runtime | PEPPERSTONE:XAUUSD snapshot captured (live)
2026-04-24T07:44:46-06:00 | SMART MONEY - GOOD MONEY Market Runtime | FOREXCOM:US30 snapshot captured (live)
2026-04-24T07:45:22-06:00 | SMART MONEY - GOOD MONEY Market Runtime | PEPPERSTONE:XAUUSD snapshot captured (live)
2026-04-24T07:46:04-06:00 | SMART MONEY - GOOD MONEY Market Runtime | FOREXCOM:US30 snapshot captured (live)
2026-04-24T07:46:33-06:00 | SMART MONEY - GOOD MONEY Market Runtime | PEPPERSTONE:XAUUSD snapshot captured (live)
2026-04-24T07:47:15-06:00 | SMART MONEY - GOOD MONEY Market Runtime | FOREXCOM:US30 snapshot captured (live)
2026-04-24T07:47:44-06:00 | SMART MONEY - GOOD MONEY Market Runtime | PEPPERSTONE:XAUUSD snapshot captured (live)
2026-04-24T07:48:36-06:00 | SMART MONEY - GOOD MONEY Market Runtime | FOREXCOM:US30 snapshot captured (live)
2026-04-24T07:49:09-06:00 | SMART MONEY - GOOD MONEY Market Runtime | PEPPERSTONE:XAUUSD snapshot captured (live)
2026-04-24T07:49:50-06:00 | SMART MONEY - GOOD MONEY Market Runtime | FOREXCOM:US30 snapshot captured (live)
2026-04-24T07:50:27-06:00 | SMART MONEY - GOOD MONEY Market Runtime | PEPPERSTONE:XAUUSD snapshot captured (live)
2026-04-24T07:51:07-06:00 | SMART MONEY - GOOD MONEY Market Runtime | FOREXCOM:US30 snapshot captured (live)
2026-04-24T07:51:36-06:00 | SMART MONEY - GOOD MONEY Market Runtime | PEPPERSTONE:XAUUSD snapshot captured (live)
2026-04-24T07:52:17-06:00 | SMART MONEY - GOOD MONEY Market Runtime | FOREXCOM:US30 snapshot captured (live)
2026-04-24T07:52:46-06:00 | SMART MONEY - GOOD MONEY Market Runtime | PEPPERSTONE:XAUUSD snapshot captured (live)
2026-04-24T07:53:27-06:00 | SMART MONEY - GOOD MONEY Market Runtime | FOREXCOM:US30 snapshot captured (live)
2026-04-24T07:53:55-06:00 | SMART MONEY - GOOD MONEY Market Runtime | PEPPERSTONE:XAUUSD snapshot captured (live)
2026-04-24T07:54:47-06:00 | SMART MONEY - GOOD MONEY Market Runtime | FOREXCOM:US30 snapshot captured (live)
2026-04-24T07:55:20-06:00 | SMART MONEY - GOOD MONEY Market Runtime | PEPPERSTONE:XAUUSD snapshot captured (live)
2026-04-24T07:56:01-06:00 | SMART MONEY - GOOD MONEY Market Runtime | FOREXCOM:US30 snapshot captured (live)
2026-04-24T07:56:38-06:00 | SMART MONEY - GOOD MONEY Market Runtime | PEPPERSTONE:XAUUSD snapshot captured (live)
2026-04-24T07:57:20-06:00 | SMART MONEY - GOOD MONEY Market Runtime | FOREXCOM:US30 snapshot captured (live)
2026-04-24T07:57:50-06:00 | SMART MONEY - GOOD MONEY Market Runtime | PEPPERSTONE:XAUUSD snapshot captured (live)
2026-04-24T07:58:31-06:00 | SMART MONEY - GOOD MONEY Market Runtime | FOREXCOM:US30 snapshot captured (live)
2026-04-24T07:59:01-06:00 | SMART MONEY - GOOD MONEY Market Runtime | PEPPERSTONE:XAUUSD snapshot captured (live)
2026-04-24T07:59:53-06:00 | SMART MONEY - GOOD MONEY Market Runtime | FOREXCOM:US30 snapshot captured (live)
2026-04-24T08:00:26-06:00 | SMART MONEY - GOOD MONEY Market Runtime | PEPPERSTONE:XAUUSD snapshot captured (live)
2026-04-24T08:01:07-06:00 | SMART MONEY - GOOD MONEY Market Runtime | FOREXCOM:US30 snapshot captured (live)
2026-04-24T08:01:44-06:00 | SMART MONEY - GOOD MONEY Market Runtime | PEPPERSTONE:XAUUSD snapshot captured (live)
2026-04-24T08:02:27-06:00 | SMART MONEY - GOOD MONEY Market Runtime | FOREXCOM:US30 snapshot captured (live)
2026-04-24T08:02:58-06:00 | SMART MONEY - GOOD MONEY Market Runtime | PEPPERSTONE:XAUUSD snapshot captured (live)
2026-04-24T08:03:40-06:00 | SMART MONEY - GOOD MONEY Market Runtime | FOREXCOM:US30 snapshot captured (live)
2026-04-24T08:04:09-06:00 | SMART MONEY - GOOD MONEY Market Runtime | PEPPERSTONE:XAUUSD snapshot captured (live)
2026-04-24T08:05:01-06:00 | SMART MONEY - GOOD MONEY Market Runtime | FOREXCOM:US30 snapshot captured (live)
2026-04-24T08:05:34-06:00 | SMART MONEY - GOOD MONEY Market Runtime | PEPPERSTONE:XAUUSD snapshot captured (live)
2026-04-24T08:06:16-06:00 | SMART MONEY - GOOD MONEY Market Runtime | FOREXCOM:US30 snapshot captured (live)
2026-04-24T08:06:54-06:00 | SMART MONEY - GOOD MONEY Market Runtime | PEPPERSTONE:XAUUSD snapshot captured (live)
2026-04-24T08:07:35-06:00 | SMART MONEY - GOOD MONEY Market Runtime | FOREXCOM:US30 snapshot captured (live)
2026-04-24T08:08:05-06:00 | SMART MONEY - GOOD MONEY Market Runtime | PEPPERSTONE:XAUUSD snapshot captured (live)
2026-04-24T08:08:46-06:00 | SMART MONEY - GOOD MONEY Market Runtime | FOREXCOM:US30 snapshot captured (live)
2026-04-24T08:09:16-06:00 | SMART MONEY - GOOD MONEY Market Runtime | PEPPERSTONE:XAUUSD snapshot captured (live)
2026-04-24T08:10:07-06:00 | SMART MONEY - GOOD MONEY Market Runtime | FOREXCOM:US30 snapshot captured (live)
2026-04-24T08:10:40-06:00 | SMART MONEY - GOOD MONEY Market Runtime | PEPPERSTONE:XAUUSD snapshot captured (live)
2026-04-24T08:11:21-06:00 | SMART MONEY - GOOD MONEY Market Runtime | FOREXCOM:US30 snapshot captured (live)
2026-04-24T08:11:58-06:00 | SMART MONEY - GOOD MONEY Market Runtime | PEPPERSTONE:XAUUSD snapshot captured (live)
2026-04-24T08:12:39-06:00 | SMART MONEY - GOOD MONEY Market Runtime | FOREXCOM:US30 snapshot captured (live)
2026-04-24T08:13:09-06:00 | SMART MONEY - GOOD MONEY Market Runtime | PEPPERSTONE:XAUUSD snapshot captured (live)
2026-04-24T08:13:50-06:00 | SMART MONEY - GOOD MONEY Market Runtime | FOREXCOM:US30 snapshot captured (live)
2026-04-24T08:14:20-06:00 | SMART MONEY - GOOD MONEY Market Runtime | PEPPERSTONE:XAUUSD snapshot captured (live)
2026-04-24T08:15:11-06:00 | SMART MONEY - GOOD MONEY Market Runtime | FOREXCOM:US30 snapshot captured (live)
2026-04-24T08:15:45-06:00 | SMART MONEY - GOOD MONEY Market Runtime | PEPPERSTONE:XAUUSD snapshot captured (live)
2026-04-24T08:16:26-06:00 | SMART MONEY - GOOD MONEY Market Runtime | FOREXCOM:US30 snapshot captured (live)
2026-04-24T08:17:03-06:00 | SMART MONEY - GOOD MONEY Market Runtime | PEPPERSTONE:XAUUSD snapshot captured (live)
2026-04-24T08:17:43-06:00 | SMART MONEY - GOOD MONEY Market Runtime | FOREXCOM:US30 snapshot captured (live)
2026-04-24T08:18:13-06:00 | SMART MONEY - GOOD MONEY Market Runtime | PEPPERSTONE:XAUUSD snapshot captured (live)
2026-04-24T08:18:54-06:00 | SMART MONEY - GOOD MONEY Market Runtime | FOREXCOM:US30 snapshot captured (live)
2026-04-24T08:19:24-06:00 | SMART MONEY - GOOD MONEY Market Runtime | PEPPERSTONE:XAUUSD snapshot captured (live)
2026-04-24T08:20:16-06:00 | SMART MONEY - GOOD MONEY Market Runtime | FOREXCOM:US30 snapshot captured (live)
2026-04-24T08:20:49-06:00 | SMART MONEY - GOOD MONEY Market Runtime | PEPPERSTONE:XAUUSD snapshot captured (live)
2026-04-24T08:21:30-06:00 | SMART MONEY - GOOD MONEY Market Runtime | FOREXCOM:US30 snapshot captured (live)
2026-04-24T08:22:07-06:00 | SMART MONEY - GOOD MONEY Market Runtime | PEPPERSTONE:XAUUSD snapshot captured (live)
2026-04-24T08:22:48-06:00 | SMART MONEY - GOOD MONEY Market Runtime | FOREXCOM:US30 snapshot captured (live)
2026-04-24T08:23:18-06:00 | SMART MONEY - GOOD MONEY Market Runtime | PEPPERSTONE:XAUUSD snapshot captured (live)
2026-04-24T08:23:59-06:00 | SMART MONEY - GOOD MONEY Market Runtime | FOREXCOM:US30 snapshot captured (live)
2026-04-24T08:24:29-06:00 | SMART MONEY - GOOD MONEY Market Runtime | PEPPERSTONE:XAUUSD snapshot captured (live)
2026-04-24T08:25:23-06:00 | SMART MONEY - GOOD MONEY Market Runtime | FOREXCOM:US30 snapshot captured (live)
2026-04-24T08:25:56-06:00 | SMART MONEY - GOOD MONEY Market Runtime | PEPPERSTONE:XAUUSD snapshot captured (live)
2026-04-24T08:26:37-06:00 | SMART MONEY - GOOD MONEY Market Runtime | FOREXCOM:US30 snapshot captured (live)
2026-04-24T08:27:13-06:00 | SMART MONEY - GOOD MONEY Market Runtime | PEPPERSTONE:XAUUSD snapshot captured (live)
2026-04-24T08:27:54-06:00 | SMART MONEY - GOOD MONEY Market Runtime | FOREXCOM:US30 snapshot captured (live)
2026-04-24T08:28:23-06:00 | SMART MONEY - GOOD MONEY Market Runtime | PEPPERSTONE:XAUUSD snapshot captured (live)
2026-04-24T08:29:04-06:00 | SMART MONEY - GOOD MONEY Market Runtime | FOREXCOM:US30 snapshot captured (live)
2026-04-24T08:29:33-06:00 | SMART MONEY - GOOD MONEY Market Runtime | PEPPERSTONE:XAUUSD snapshot captured (live)
2026-04-24T08:30:26-06:00 | SMART MONEY - GOOD MONEY Market Runtime | FOREXCOM:US30 snapshot captured (live)
2026-04-24T08:30:56-06:00 | SMART MONEY - GOOD MONEY Market Runtime | PEPPERSTONE:XAUUSD snapshot captured (live)
2026-04-24T08:31:37-06:00 | SMART MONEY - GOOD MONEY Market Runtime | FOREXCOM:US30 snapshot captured (live)
2026-04-24T08:32:17-06:00 | SMART MONEY - GOOD MONEY Market Runtime | PEPPERSTONE:XAUUSD snapshot captured (live)
2026-04-24T08:32:59-06:00 | SMART MONEY - GOOD MONEY Market Runtime | FOREXCOM:US30 snapshot captured (live)
2026-04-24T08:33:28-06:00 | SMART MONEY - GOOD MONEY Market Runtime | PEPPERSTONE:XAUUSD snapshot captured (live)
2026-04-24T08:34:10-06:00 | SMART MONEY - GOOD MONEY Market Runtime | FOREXCOM:US30 snapshot captured (live)
2026-04-24T08:34:40-06:00 | SMART MONEY - GOOD MONEY Market Runtime | PEPPERSTONE:XAUUSD snapshot captured (live)
2026-04-24T08:35:32-06:00 | SMART MONEY - GOOD MONEY Market Runtime | FOREXCOM:US30 snapshot captured (live)
2026-04-24T08:36:01-06:00 | SMART MONEY - GOOD MONEY Market Runtime | PEPPERSTONE:XAUUSD snapshot captured (live)
2026-04-24T08:36:42-06:00 | SMART MONEY - GOOD MONEY Market Runtime | FOREXCOM:US30 snapshot captured (live)
2026-04-24T08:37:22-06:00 | SMART MONEY - GOOD MONEY Market Runtime | PEPPERSTONE:XAUUSD snapshot captured (live)
2026-04-24T08:38:03-06:00 | SMART MONEY - GOOD MONEY Market Runtime | FOREXCOM:US30 snapshot captured (live)
2026-04-24T08:38:33-06:00 | SMART MONEY - GOOD MONEY Market Runtime | PEPPERSTONE:XAUUSD snapshot captured (live)
2026-04-24T08:39:14-06:00 | SMART MONEY - GOOD MONEY Market Runtime | FOREXCOM:US30 snapshot captured (live)
2026-04-24T08:39:43-06:00 | SMART MONEY - GOOD MONEY Market Runtime | PEPPERSTONE:XAUUSD snapshot captured (live)
2026-04-24T08:40:24-06:00 | SMART MONEY - GOOD MONEY Market Runtime | FOREXCOM:US30 snapshot captured (live)
2026-04-24T08:40:53-06:00 | SMART MONEY - GOOD MONEY Market Runtime | PEPPERSTONE:XAUUSD snapshot captured (live)
2026-04-24T08:41:46-06:00 | SMART MONEY - GOOD MONEY Market Runtime | FOREXCOM:US30 snapshot captured (live)
2026-04-24T08:42:25-06:00 | SMART MONEY - GOOD MONEY Market Runtime | PEPPERSTONE:XAUUSD snapshot captured (live)
2026-04-24T08:43:06-06:00 | SMART MONEY - GOOD MONEY Market Runtime | FOREXCOM:US30 snapshot captured (live)
2026-04-24T08:43:36-06:00 | SMART MONEY - GOOD MONEY Market Runtime | PEPPERSTONE:XAUUSD snapshot captured (live)
2026-04-24T08:44:17-06:00 | SMART MONEY - GOOD MONEY Market Runtime | FOREXCOM:US30 snapshot captured (live)
2026-04-24T08:44:47-06:00 | SMART MONEY - GOOD MONEY Market Runtime | PEPPERSTONE:XAUUSD snapshot captured (live)
2026-04-24T08:45:28-06:00 | SMART MONEY - GOOD MONEY Market Runtime | FOREXCOM:US30 snapshot captured (live)
2026-04-24T08:45:57-06:00 | SMART MONEY - GOOD MONEY Market Runtime | PEPPERSTONE:XAUUSD snapshot captured (live)
2026-04-24T08:46:41-06:00 | SMART MONEY - GOOD MONEY Market Runtime | FOREXCOM:US30 snapshot captured (live)
2026-04-24T08:47:11-06:00 | SMART MONEY - GOOD MONEY Market Runtime | PEPPERSTONE:XAUUSD snapshot captured (live)
2026-04-24T08:47:59-06:00 | SMART MONEY - GOOD MONEY Market Runtime | FOREXCOM:US30 snapshot captured (live)
2026-04-24T08:48:39-06:00 | SMART MONEY - GOOD MONEY Market Runtime | PEPPERSTONE:XAUUSD snapshot captured (live)
2026-04-24T08:49:20-06:00 | SMART MONEY - GOOD MONEY Market Runtime | FOREXCOM:US30 snapshot captured (live)
2026-04-24T08:49:50-06:00 | SMART MONEY - GOOD MONEY Market Runtime | PEPPERSTONE:XAUUSD snapshot captured (live)
2026-04-24T08:50:30-06:00 | SMART MONEY - GOOD MONEY Market Runtime | FOREXCOM:US30 snapshot captured (live)
2026-04-24T08:51:00-06:00 | SMART MONEY - GOOD MONEY Market Runtime | PEPPERSTONE:XAUUSD snapshot captured (live)
2026-04-24T08:51:45-06:00 | SMART MONEY - GOOD MONEY Market Runtime | FOREXCOM:US30 snapshot captured (live)
2026-04-24T08:52:15-06:00 | SMART MONEY - GOOD MONEY Market Runtime | PEPPERSTONE:XAUUSD snapshot captured (live)
2026-04-24T08:53:04-06:00 | SMART MONEY - GOOD MONEY Market Runtime | FOREXCOM:US30 snapshot captured (live)
2026-04-24T08:53:45-06:00 | SMART MONEY - GOOD MONEY Market Runtime | PEPPERSTONE:XAUUSD snapshot captured (live)
2026-04-24T08:54:26-06:00 | SMART MONEY - GOOD MONEY Market Runtime | FOREXCOM:US30 snapshot captured (live)
2026-04-24T08:54:56-06:00 | SMART MONEY - GOOD MONEY Market Runtime | PEPPERSTONE:XAUUSD snapshot captured (live)
2026-04-24T08:55:37-06:00 | SMART MONEY - GOOD MONEY Market Runtime | FOREXCOM:US30 snapshot captured (live)
2026-04-24T08:56:07-06:00 | SMART MONEY - GOOD MONEY Market Runtime | PEPPERSTONE:XAUUSD snapshot captured (live)
2026-04-24T08:56:53-06:00 | SMART MONEY - GOOD MONEY Market Runtime | FOREXCOM:US30 snapshot captured (live)
2026-04-24T08:57:24-06:00 | SMART MONEY - GOOD MONEY Market Runtime | PEPPERSTONE:XAUUSD snapshot captured (live)
2026-04-24T08:58:14-06:00 | SMART MONEY - GOOD MONEY Market Runtime | FOREXCOM:US30 snapshot captured (live)
2026-04-24T08:59:02-06:00 | SMART MONEY - GOOD MONEY Market Runtime | PEPPERSTONE:XAUUSD snapshot captured (live)
2026-04-24T08:59:43-06:00 | SMART MONEY - GOOD MONEY Market Runtime | FOREXCOM:US30 snapshot captured (live)
2026-04-24T09:00:11-06:00 | SMART MONEY - GOOD MONEY Market Runtime | PEPPERSTONE:XAUUSD snapshot captured (live)
2026-04-24T09:00:49-06:00 | SMART MONEY - GOOD MONEY Market Runtime | FOREXCOM:US30 snapshot captured (live)
2026-04-24T09:01:16-06:00 | SMART MONEY - GOOD MONEY Market Runtime | PEPPERSTONE:XAUUSD snapshot captured (live)
2026-04-24T09:01:54-06:00 | SMART MONEY - GOOD MONEY Market Runtime | FOREXCOM:US30 snapshot captured (live)
2026-04-24T09:02:21-06:00 | SMART MONEY - GOOD MONEY Market Runtime | PEPPERSTONE:XAUUSD snapshot captured (live)
2026-04-24T09:02:59-06:00 | SMART MONEY - GOOD MONEY Market Runtime | FOREXCOM:US30 snapshot captured (live)
2026-04-24T09:03:25-06:00 | SMART MONEY - GOOD MONEY Market Runtime | PEPPERSTONE:XAUUSD snapshot captured (live)
2026-04-24T09:04:20-06:00 | SMART MONEY - GOOD MONEY Market Runtime | FOREXCOM:US30 snapshot captured (live)
2026-04-24T09:04:50-06:00 | SMART MONEY - GOOD MONEY Market Runtime | PEPPERSTONE:XAUUSD snapshot captured (live)
2026-04-24T09:05:30-06:00 | SMART MONEY - GOOD MONEY Market Runtime | FOREXCOM:US30 snapshot captured (live)
2026-04-24T09:05:57-06:00 | SMART MONEY - GOOD MONEY Market Runtime | PEPPERSTONE:XAUUSD snapshot captured (live)
2026-04-24T09:06:38-06:00 | SMART MONEY - GOOD MONEY Market Runtime | FOREXCOM:US30 snapshot captured (live)
2026-04-24T09:07:05-06:00 | SMART MONEY - GOOD MONEY Market Runtime | PEPPERSTONE:XAUUSD snapshot captured (live)
2026-04-24T09:07:46-06:00 | SMART MONEY - GOOD MONEY Market Runtime | FOREXCOM:US30 snapshot captured (live)
2026-04-24T09:08:14-06:00 | SMART MONEY - GOOD MONEY Market Runtime | PEPPERSTONE:XAUUSD snapshot captured (live)
2026-04-24T09:08:54-06:00 | SMART MONEY - GOOD MONEY Market Runtime | FOREXCOM:US30 snapshot captured (live)
2026-04-24T09:09:21-06:00 | SMART MONEY - GOOD MONEY Market Runtime | PEPPERSTONE:XAUUSD snapshot captured (live)
2026-04-24T09:10:02-06:00 | SMART MONEY - GOOD MONEY Market Runtime | FOREXCOM:US30 snapshot captured (live)
2026-04-24T09:10:30-06:00 | SMART MONEY - GOOD MONEY Market Runtime | PEPPERSTONE:XAUUSD snapshot captured (live)
2026-04-24T09:11:10-06:00 | SMART MONEY - GOOD MONEY Market Runtime | FOREXCOM:US30 snapshot captured (live)
2026-04-24T09:11:46-06:00 | SMART MONEY - GOOD MONEY Market Runtime | PEPPERSTONE:XAUUSD snapshot captured (live)
2026-04-24T09:12:31-06:00 | SMART MONEY - GOOD MONEY Market Runtime | FOREXCOM:US30 snapshot captured (live)
2026-04-24T09:13:01-06:00 | SMART MONEY - GOOD MONEY Market Runtime | PEPPERSTONE:XAUUSD snapshot captured (live)
2026-04-24T09:13:46-06:00 | SMART MONEY - GOOD MONEY Market Runtime | FOREXCOM:US30 snapshot captured (live)
2026-04-24T09:14:15-06:00 | SMART MONEY - GOOD MONEY Market Runtime | PEPPERSTONE:XAUUSD snapshot captured (live)
2026-04-24T09:14:58-06:00 | SMART MONEY - GOOD MONEY Market Runtime | FOREXCOM:US30 snapshot captured (live)
2026-04-24T09:15:28-06:00 | SMART MONEY - GOOD MONEY Market Runtime | PEPPERSTONE:XAUUSD snapshot captured (live)
2026-04-24T09:16:17-06:00 | SMART MONEY - GOOD MONEY Market Runtime | FOREXCOM:US30 snapshot captured (live)
2026-04-24T09:16:59-06:00 | SMART MONEY - GOOD MONEY Market Runtime | PEPPERSTONE:XAUUSD snapshot captured (live)
2026-04-24T09:17:41-06:00 | SMART MONEY - GOOD MONEY Market Runtime | FOREXCOM:US30 snapshot captured (live)
2026-04-24T09:18:11-06:00 | SMART MONEY - GOOD MONEY Market Runtime | PEPPERSTONE:XAUUSD snapshot captured (live)
2026-04-24T09:18:56-06:00 | SMART MONEY - GOOD MONEY Market Runtime | FOREXCOM:US30 snapshot captured (live)
2026-04-24T09:19:27-06:00 | SMART MONEY - GOOD MONEY Market Runtime | PEPPERSTONE:XAUUSD snapshot captured (live)
2026-04-24T09:20:09-06:00 | SMART MONEY - GOOD MONEY Market Runtime | FOREXCOM:US30 snapshot captured (live)
2026-04-24T09:20:41-06:00 | SMART MONEY - GOOD MONEY Market Runtime | PEPPERSTONE:XAUUSD snapshot captured (live)
2026-04-24T09:21:31-06:00 | SMART MONEY - GOOD MONEY Market Runtime | FOREXCOM:US30 snapshot captured (live)
2026-04-24T09:22:11-06:00 | SMART MONEY - GOOD MONEY Market Runtime | PEPPERSTONE:XAUUSD snapshot captured (live)
2026-04-24T09:22:54-06:00 | SMART MONEY - GOOD MONEY Market Runtime | FOREXCOM:US30 snapshot captured (live)
2026-04-24T09:23:23-06:00 | SMART MONEY - GOOD MONEY Market Runtime | PEPPERSTONE:XAUUSD snapshot captured (live)
2026-04-24T09:24:10-06:00 | SMART MONEY - GOOD MONEY Market Runtime | FOREXCOM:US30 snapshot captured (live)
2026-04-24T09:24:40-06:00 | SMART MONEY - GOOD MONEY Market Runtime | PEPPERSTONE:XAUUSD snapshot captured (live)
2026-04-24T09:25:21-06:00 | SMART MONEY - GOOD MONEY Market Runtime | FOREXCOM:US30 snapshot captured (live)
2026-04-24T09:25:51-06:00 | SMART MONEY - GOOD MONEY Market Runtime | PEPPERSTONE:XAUUSD snapshot captured (live)
2026-04-24T09:26:41-06:00 | SMART MONEY - GOOD MONEY Market Runtime | FOREXCOM:US30 snapshot captured (live)
2026-04-24T09:27:24-06:00 | SMART MONEY - GOOD MONEY Market Runtime | PEPPERSTONE:XAUUSD snapshot captured (live)
2026-04-24T09:28:07-06:00 | SMART MONEY - GOOD MONEY Market Runtime | FOREXCOM:US30 snapshot captured (live)
2026-04-24T09:28:38-06:00 | SMART MONEY - GOOD MONEY Market Runtime | PEPPERSTONE:XAUUSD snapshot captured (live)
2026-04-24T09:29:23-06:00 | SMART MONEY - GOOD MONEY Market Runtime | FOREXCOM:US30 snapshot captured (live)
2026-04-24T09:29:53-06:00 | SMART MONEY - GOOD MONEY Market Runtime | PEPPERSTONE:XAUUSD snapshot captured (live)
2026-04-24T09:30:35-06:00 | SMART MONEY - GOOD MONEY Market Runtime | FOREXCOM:US30 snapshot captured (live)
2026-04-24T09:31:05-06:00 | SMART MONEY - GOOD MONEY Market Runtime | PEPPERSTONE:XAUUSD snapshot captured (live)
2026-04-24T09:31:53-06:00 | SMART MONEY - GOOD MONEY Market Runtime | FOREXCOM:US30 snapshot captured (live)
2026-04-24T09:32:36-06:00 | SMART MONEY - GOOD MONEY Market Runtime | PEPPERSTONE:XAUUSD snapshot captured (live)
2026-04-24T09:33:18-06:00 | SMART MONEY - GOOD MONEY Market Runtime | FOREXCOM:US30 snapshot captured (live)
2026-04-24T09:33:49-06:00 | SMART MONEY - GOOD MONEY Market Runtime | PEPPERSTONE:XAUUSD snapshot captured (live)
2026-04-24T09:34:35-06:00 | SMART MONEY - GOOD MONEY Market Runtime | FOREXCOM:US30 snapshot captured (live)
2026-04-24T09:35:06-06:00 | SMART MONEY - GOOD MONEY Market Runtime | PEPPERSTONE:XAUUSD snapshot captured (live)
2026-04-24T09:35:48-06:00 | SMART MONEY - GOOD MONEY Market Runtime | FOREXCOM:US30 snapshot captured (live)
2026-04-24T09:36:18-06:00 | SMART MONEY - GOOD MONEY Market Runtime | PEPPERSTONE:XAUUSD snapshot captured (live)
2026-04-24T09:37:06-06:00 | SMART MONEY - GOOD MONEY Market Runtime | FOREXCOM:US30 snapshot captured (live)
2026-04-24T09:37:48-06:00 | SMART MONEY - GOOD MONEY Market Runtime | PEPPERSTONE:XAUUSD snapshot captured (live)
2026-04-24T09:38:30-06:00 | SMART MONEY - GOOD MONEY Market Runtime | FOREXCOM:US30 snapshot captured (live)
2026-04-24T09:39:00-06:00 | SMART MONEY - GOOD MONEY Market Runtime | PEPPERSTONE:XAUUSD snapshot captured (live)
2026-04-24T09:39:45-06:00 | SMART MONEY - GOOD MONEY Market Runtime | FOREXCOM:US30 snapshot captured (live)
2026-04-24T09:40:15-06:00 | SMART MONEY - GOOD MONEY Market Runtime | PEPPERSTONE:XAUUSD snapshot captured (live)
2026-04-24T09:40:57-06:00 | SMART MONEY - GOOD MONEY Market Runtime | FOREXCOM:US30 snapshot captured (live)
2026-04-24T09:41:28-06:00 | SMART MONEY - GOOD MONEY Market Runtime | PEPPERSTONE:XAUUSD snapshot captured (live)
2026-04-24T09:42:17-06:00 | SMART MONEY - GOOD MONEY Market Runtime | FOREXCOM:US30 snapshot captured (live)
2026-04-24T09:42:59-06:00 | SMART MONEY - GOOD MONEY Market Runtime | PEPPERSTONE:XAUUSD snapshot captured (live)
2026-04-24T09:43:41-06:00 | SMART MONEY - GOOD MONEY Market Runtime | FOREXCOM:US30 snapshot captured (live)
2026-04-24T09:44:12-06:00 | SMART MONEY - GOOD MONEY Market Runtime | PEPPERSTONE:XAUUSD snapshot captured (live)
2026-04-24T09:44:58-06:00 | SMART MONEY - GOOD MONEY Market Runtime | FOREXCOM:US30 snapshot captured (live)
2026-04-24T09:45:28-06:00 | SMART MONEY - GOOD MONEY Market Runtime | PEPPERSTONE:XAUUSD snapshot captured (live)
2026-04-24T09:46:11-06:00 | SMART MONEY - GOOD MONEY Market Runtime | FOREXCOM:US30 snapshot captured (live)
2026-04-24T09:46:41-06:00 | SMART MONEY - GOOD MONEY Market Runtime | PEPPERSTONE:XAUUSD snapshot captured (live)
2026-04-24T09:47:32-06:00 | SMART MONEY - GOOD MONEY Market Runtime | FOREXCOM:US30 snapshot captured (live)
2026-04-24T09:48:13-06:00 | SMART MONEY - GOOD MONEY Market Runtime | PEPPERSTONE:XAUUSD snapshot captured (live)
2026-04-24T09:48:56-06:00 | SMART MONEY - GOOD MONEY Market Runtime | FOREXCOM:US30 snapshot captured (live)
2026-04-24T09:49:27-06:00 | SMART MONEY - GOOD MONEY Market Runtime | PEPPERSTONE:XAUUSD snapshot captured (live)
2026-04-24T09:50:13-06:00 | SMART MONEY - GOOD MONEY Market Runtime | FOREXCOM:US30 snapshot captured (live)
2026-04-24T09:50:42-06:00 | SMART MONEY - GOOD MONEY Market Runtime | PEPPERSTONE:XAUUSD snapshot captured (live)
2026-04-24T09:51:24-06:00 | SMART MONEY - GOOD MONEY Market Runtime | FOREXCOM:US30 snapshot captured (live)
2026-04-24T09:51:55-06:00 | SMART MONEY - GOOD MONEY Market Runtime | PEPPERSTONE:XAUUSD snapshot captured (live)
2026-04-24T09:52:44-06:00 | SMART MONEY - GOOD MONEY Market Runtime | FOREXCOM:US30 snapshot captured (live)
2026-04-24T09:53:26-06:00 | SMART MONEY - GOOD MONEY Market Runtime | PEPPERSTONE:XAUUSD snapshot captured (live)
2026-04-24T09:54:09-06:00 | SMART MONEY - GOOD MONEY Market Runtime | FOREXCOM:US30 snapshot captured (live)
2026-04-24T09:54:38-06:00 | SMART MONEY - GOOD MONEY Market Runtime | PEPPERSTONE:XAUUSD snapshot captured (live)
2026-04-24T09:55:23-06:00 | SMART MONEY - GOOD MONEY Market Runtime | FOREXCOM:US30 snapshot captured (live)
2026-04-24T09:55:53-06:00 | SMART MONEY - GOOD MONEY Market Runtime | PEPPERSTONE:XAUUSD snapshot captured (live)
2026-04-24T09:56:36-06:00 | SMART MONEY - GOOD MONEY Market Runtime | FOREXCOM:US30 snapshot captured (live)
2026-04-24T09:57:05-06:00 | SMART MONEY - GOOD MONEY Market Runtime | PEPPERSTONE:XAUUSD snapshot captured (live)
2026-04-24T09:57:54-06:00 | SMART MONEY - GOOD MONEY Market Runtime | FOREXCOM:US30 snapshot captured (live)
2026-04-24T09:58:35-06:00 | SMART MONEY - GOOD MONEY Market Runtime | PEPPERSTONE:XAUUSD snapshot captured (live)
2026-04-24T09:59:17-06:00 | SMART MONEY - GOOD MONEY Market Runtime | FOREXCOM:US30 snapshot captured (live)
2026-04-24T09:59:46-06:00 | SMART MONEY - GOOD MONEY Market Runtime | PEPPERSTONE:XAUUSD snapshot captured (live)
2026-04-24T10:00:31-06:00 | SMART MONEY - GOOD MONEY Market Runtime | FOREXCOM:US30 snapshot captured (live)
2026-04-24T10:01:02-06:00 | SMART MONEY - GOOD MONEY Market Runtime | PEPPERSTONE:XAUUSD snapshot captured (live)
2026-04-24T10:01:44-06:00 | SMART MONEY - GOOD MONEY Market Runtime | FOREXCOM:US30 snapshot captured (live)
2026-04-24T10:02:15-06:00 | SMART MONEY - GOOD MONEY Market Runtime | PEPPERSTONE:XAUUSD snapshot captured (live)
2026-04-24T10:03:06-06:00 | SMART MONEY - GOOD MONEY Market Runtime | FOREXCOM:US30 snapshot captured (live)
2026-04-24T10:03:46-06:00 | SMART MONEY - GOOD MONEY Market Runtime | PEPPERSTONE:XAUUSD snapshot captured (live)
2026-04-24T10:04:27-06:00 | SMART MONEY - GOOD MONEY Market Runtime | FOREXCOM:US30 snapshot captured (live)
2026-04-24T10:04:55-06:00 | SMART MONEY - GOOD MONEY Market Runtime | PEPPERSTONE:XAUUSD snapshot captured (live)
2026-04-24T10:05:39-06:00 | SMART MONEY - GOOD MONEY Market Runtime | FOREXCOM:US30 snapshot captured (live)
2026-04-24T10:06:08-06:00 | SMART MONEY - GOOD MONEY Market Runtime | PEPPERSTONE:XAUUSD snapshot captured (live)
2026-04-24T10:06:49-06:00 | SMART MONEY - GOOD MONEY Market Runtime | FOREXCOM:US30 snapshot captured (live)
2026-04-24T10:07:19-06:00 | SMART MONEY - GOOD MONEY Market Runtime | PEPPERSTONE:XAUUSD snapshot captured (live)
2026-04-24T10:08:01-06:00 | SMART MONEY - GOOD MONEY Market Runtime | FOREXCOM:US30 snapshot captured (live)
2026-04-24T10:08:30-06:00 | SMART MONEY - GOOD MONEY Market Runtime | PEPPERSTONE:XAUUSD snapshot captured (live)
2026-04-24T10:09:18-06:00 | SMART MONEY - GOOD MONEY Market Runtime | FOREXCOM:US30 snapshot captured (live)
2026-04-24T10:09:58-06:00 | SMART MONEY - GOOD MONEY Market Runtime | PEPPERSTONE:XAUUSD snapshot captured (live)
2026-04-24T10:10:38-06:00 | SMART MONEY - GOOD MONEY Market Runtime | FOREXCOM:US30 snapshot captured (live)
2026-04-24T10:11:08-06:00 | SMART MONEY - GOOD MONEY Market Runtime | PEPPERSTONE:XAUUSD snapshot captured (live)
2026-04-24T10:11:54-06:00 | SMART MONEY - GOOD MONEY Market Runtime | FOREXCOM:US30 snapshot captured (live)
2026-04-24T10:12:23-06:00 | SMART MONEY - GOOD MONEY Market Runtime | PEPPERSTONE:XAUUSD snapshot captured (live)
2026-04-24T10:13:06-06:00 | SMART MONEY - GOOD MONEY Market Runtime | FOREXCOM:US30 snapshot captured (live)
2026-04-24T10:13:38-06:00 | SMART MONEY - GOOD MONEY Market Runtime | PEPPERSTONE:XAUUSD snapshot captured (live)
2026-04-24T10:14:28-06:00 | SMART MONEY - GOOD MONEY Market Runtime | FOREXCOM:US30 snapshot captured (live)
2026-04-24T10:15:10-06:00 | SMART MONEY - GOOD MONEY Market Runtime | PEPPERSTONE:XAUUSD snapshot captured (live)
2026-04-24T10:16:06-06:00 | SMART MONEY - GOOD MONEY Market Runtime | FOREXCOM:US30 snapshot captured (live)
2026-04-24T10:16:44-06:00 | SMART MONEY - GOOD MONEY Market Runtime | PEPPERSTONE:XAUUSD snapshot captured (live)
2026-04-24T10:17:32-06:00 | SMART MONEY - GOOD MONEY Market Runtime | FOREXCOM:US30 snapshot captured (live)
2026-04-24T10:18:02-06:00 | SMART MONEY - GOOD MONEY Market Runtime | PEPPERSTONE:XAUUSD snapshot captured (live)
2026-04-24T10:18:48-06:00 | SMART MONEY - GOOD MONEY Market Runtime | FOREXCOM:US30 snapshot captured (live)
2026-04-24T10:19:24-06:00 | SMART MONEY - GOOD MONEY Market Runtime | PEPPERSTONE:XAUUSD snapshot captured (live)
2026-04-24T10:20:28-06:00 | SMART MONEY - GOOD MONEY Market Runtime | FOREXCOM:US30 snapshot captured (live)
2026-04-24T10:21:17-06:00 | SMART MONEY - GOOD MONEY Market Runtime | PEPPERSTONE:XAUUSD snapshot captured (live)
2026-04-24T10:22:00-06:00 | SMART MONEY - GOOD MONEY Market Runtime | FOREXCOM:US30 snapshot captured (live)
2026-04-24T10:22:36-06:00 | SMART MONEY - GOOD MONEY Market Runtime | PEPPERSTONE:XAUUSD snapshot captured (live)
2026-04-24T10:23:25-06:00 | SMART MONEY - GOOD MONEY Market Runtime | FOREXCOM:US30 snapshot captured (live)
2026-04-24T10:23:57-06:00 | SMART MONEY - GOOD MONEY Market Runtime | PEPPERSTONE:XAUUSD snapshot captured (live)
2026-04-24T10:24:40-06:00 | SMART MONEY - GOOD MONEY Market Runtime | FOREXCOM:US30 snapshot captured (live)
2026-04-24T10:25:13-06:00 | SMART MONEY - GOOD MONEY Market Runtime | PEPPERSTONE:XAUUSD snapshot captured (live)
2026-04-24T10:26:02-06:00 | SMART MONEY - GOOD MONEY Market Runtime | FOREXCOM:US30 snapshot captured (live)
2026-04-24T10:26:45-06:00 | SMART MONEY - GOOD MONEY Market Runtime | PEPPERSTONE:XAUUSD snapshot captured (live)
2026-04-24T10:27:29-06:00 | SMART MONEY - GOOD MONEY Market Runtime | FOREXCOM:US30 snapshot captured (live)
2026-04-24T10:28:01-06:00 | SMART MONEY - GOOD MONEY Market Runtime | PEPPERSTONE:XAUUSD snapshot captured (live)
2026-04-24T10:28:55-06:00 | SMART MONEY - GOOD MONEY Market Runtime | FOREXCOM:US30 snapshot captured (live)
2026-04-24T10:29:26-06:00 | SMART MONEY - GOOD MONEY Market Runtime | PEPPERSTONE:XAUUSD snapshot captured (live)
2026-04-24T10:30:08-06:00 | SMART MONEY - GOOD MONEY Market Runtime | FOREXCOM:US30 snapshot captured (live)
2026-04-24T10:30:45-06:00 | SMART MONEY - GOOD MONEY Market Runtime | PEPPERSTONE:XAUUSD snapshot captured (live)
2026-04-24T10:31:35-06:00 | SMART MONEY - GOOD MONEY Market Runtime | FOREXCOM:US30 snapshot captured (live)
2026-04-24T10:32:09-06:00 | SMART MONEY - GOOD MONEY Market Runtime | PEPPERSTONE:XAUUSD snapshot captured (live)
2026-04-24T10:32:51-06:00 | SMART MONEY - GOOD MONEY Market Runtime | FOREXCOM:US30 snapshot captured (live)
2026-04-24T10:33:22-06:00 | SMART MONEY - GOOD MONEY Market Runtime | PEPPERSTONE:XAUUSD snapshot captured (live)
2026-04-24T10:34:08-06:00 | SMART MONEY - GOOD MONEY Market Runtime | FOREXCOM:US30 snapshot captured (live)
2026-04-24T10:34:29-06:00 | SMART MONEY - GOOD MONEY Market Runtime | PEPPERSTONE:XAUUSD snapshot captured (live)
2026-04-24T10:35:12-06:00 | SMART MONEY - GOOD MONEY Market Runtime | FOREXCOM:US30 snapshot captured (live)
2026-04-24T10:35:33-06:00 | SMART MONEY - GOOD MONEY Market Runtime | PEPPERSTONE:XAUUSD snapshot captured (live)
2026-04-24T10:36:16-06:00 | SMART MONEY - GOOD MONEY Market Runtime | FOREXCOM:US30 snapshot captured (live)
2026-04-24T10:36:37-06:00 | SMART MONEY - GOOD MONEY Market Runtime | PEPPERSTONE:XAUUSD snapshot captured (live)
2026-04-24T10:37:27-06:00 | SMART MONEY - GOOD MONEY Market Runtime | FOREXCOM:US30 snapshot captured (live)
2026-04-24T10:37:50-06:00 | SMART MONEY - GOOD MONEY Market Runtime | PEPPERSTONE:XAUUSD snapshot captured (live)
2026-04-24T10:38:34-06:00 | SMART MONEY - GOOD MONEY Market Runtime | FOREXCOM:US30 snapshot captured (live)
2026-04-24T10:39:06-06:00 | SMART MONEY - GOOD MONEY Market Runtime | PEPPERSTONE:XAUUSD snapshot captured (live)
2026-04-24T10:39:53-06:00 | SMART MONEY - GOOD MONEY Market Runtime | FOREXCOM:US30 snapshot captured (live)
2026-04-24T10:40:25-06:00 | SMART MONEY - GOOD MONEY Market Runtime | PEPPERSTONE:XAUUSD snapshot captured (live)
2026-04-24T10:41:07-06:00 | SMART MONEY - GOOD MONEY Market Runtime | FOREXCOM:US30 snapshot captured (live)
2026-04-24T10:41:29-06:00 | SMART MONEY - GOOD MONEY Market Runtime | PEPPERSTONE:XAUUSD snapshot captured (live)
2026-04-24T10:42:12-06:00 | SMART MONEY - GOOD MONEY Market Runtime | FOREXCOM:US30 snapshot captured (live)
2026-04-24T10:42:33-06:00 | SMART MONEY - GOOD MONEY Market Runtime | PEPPERSTONE:XAUUSD snapshot captured (live)
2026-04-24T10:43:24-06:00 | SMART MONEY - GOOD MONEY Market Runtime | FOREXCOM:US30 snapshot captured (live)
2026-04-24T10:43:44-06:00 | SMART MONEY - GOOD MONEY Market Runtime | PEPPERSTONE:XAUUSD snapshot captured (live)
2026-04-24T10:44:27-06:00 | SMART MONEY - GOOD MONEY Market Runtime | FOREXCOM:US30 snapshot captured (live)
2026-04-24T10:44:49-06:00 | SMART MONEY - GOOD MONEY Market Runtime | PEPPERSTONE:XAUUSD snapshot captured (live)
2026-04-24T10:45:38-06:00 | SMART MONEY - GOOD MONEY Market Runtime | FOREXCOM:US30 snapshot captured (live)
2026-04-24T10:46:10-06:00 | SMART MONEY - GOOD MONEY Market Runtime | PEPPERSTONE:XAUUSD snapshot captured (live)
2026-04-24T10:46:55-06:00 | SMART MONEY - GOOD MONEY Market Runtime | FOREXCOM:US30 snapshot captured (live)
2026-04-24T10:47:29-06:00 | SMART MONEY - GOOD MONEY Market Runtime | PEPPERSTONE:XAUUSD snapshot captured (live)
2026-04-24T10:48:12-06:00 | SMART MONEY - GOOD MONEY Market Runtime | FOREXCOM:US30 snapshot captured (live)
2026-04-24T10:48:34-06:00 | SMART MONEY - GOOD MONEY Market Runtime | PEPPERSTONE:XAUUSD snapshot captured (live)
2026-04-24T10:49:24-06:00 | SMART MONEY - GOOD MONEY Market Runtime | FOREXCOM:US30 snapshot captured (live)
2026-04-24T10:49:44-06:00 | SMART MONEY - GOOD MONEY Market Runtime | PEPPERSTONE:XAUUSD snapshot captured (live)
2026-04-24T10:50:26-06:00 | SMART MONEY - GOOD MONEY Market Runtime | FOREXCOM:US30 snapshot captured (live)
2026-04-24T10:50:48-06:00 | SMART MONEY - GOOD MONEY Market Runtime | PEPPERSTONE:XAUUSD snapshot captured (live)
2026-04-24T10:51:36-06:00 | SMART MONEY - GOOD MONEY Market Runtime | FOREXCOM:US30 snapshot captured (live)
2026-04-24T10:52:02-06:00 | SMART MONEY - GOOD MONEY Market Runtime | PEPPERSTONE:XAUUSD snapshot captured (live)
2026-04-24T10:52:49-06:00 | SMART MONEY - GOOD MONEY Market Runtime | FOREXCOM:US30 snapshot captured (live)
2026-04-24T10:53:30-06:00 | SMART MONEY - GOOD MONEY Market Runtime | PEPPERSTONE:XAUUSD snapshot captured (live)
2026-04-24T10:54:19-06:00 | SMART MONEY - GOOD MONEY Market Runtime | PEPPERSTONE:XAUUSD snapshot captured (live)
2026-04-24T10:55:16-06:00 | SMART MONEY - GOOD MONEY Market Runtime | FOREXCOM:US30 snapshot captured (live)
2026-04-24T10:56:08-06:00 | SMART MONEY - GOOD MONEY Market Runtime | FOREXCOM:US30 snapshot captured (live)
2026-04-24T10:56:29-06:00 | SMART MONEY - GOOD MONEY Market Runtime | PEPPERSTONE:XAUUSD snapshot captured (live)
2026-04-24T10:57:16-06:00 | SMART MONEY - GOOD MONEY Market Runtime | FOREXCOM:US30 snapshot captured (live)
2026-04-24T10:57:37-06:00 | SMART MONEY - GOOD MONEY Market Runtime | PEPPERSTONE:XAUUSD snapshot captured (live)
2026-04-24T10:58:19-06:00 | SMART MONEY - GOOD MONEY Market Runtime | FOREXCOM:US30 snapshot captured (live)
2026-04-24T10:58:40-06:00 | SMART MONEY - GOOD MONEY Market Runtime | PEPPERSTONE:XAUUSD snapshot captured (live)
2026-04-24T10:59:22-06:00 | SMART MONEY - GOOD MONEY Market Runtime | FOREXCOM:US30 snapshot captured (live)
2026-04-24T10:59:54-06:00 | SMART MONEY - GOOD MONEY Market Runtime | PEPPERSTONE:XAUUSD snapshot captured (live)
2026-04-24T11:00:36-06:00 | SMART MONEY - GOOD MONEY Market Runtime | FOREXCOM:US30 snapshot captured (live)
2026-04-24T11:01:07-06:00 | SMART MONEY - GOOD MONEY Market Runtime | PEPPERSTONE:XAUUSD snapshot captured (live)
2026-04-24T11:01:57-06:00 | SMART MONEY - GOOD MONEY Market Runtime | FOREXCOM:US30 snapshot captured (live)
2026-04-24T11:02:18-06:00 | SMART MONEY - GOOD MONEY Market Runtime | PEPPERSTONE:XAUUSD snapshot captured (live)
2026-04-24T11:03:05-06:00 | SMART MONEY - GOOD MONEY Market Runtime | FOREXCOM:US30 snapshot captured (live)
2026-04-24T11:03:25-06:00 | SMART MONEY - GOOD MONEY Market Runtime | PEPPERSTONE:XAUUSD snapshot captured (live)
2026-04-24T11:04:08-06:00 | SMART MONEY - GOOD MONEY Market Runtime | FOREXCOM:US30 snapshot captured (live)
2026-04-24T11:04:29-06:00 | SMART MONEY - GOOD MONEY Market Runtime | PEPPERSTONE:XAUUSD snapshot captured (live)
2026-04-24T11:05:12-06:00 | SMART MONEY - GOOD MONEY Market Runtime | FOREXCOM:US30 snapshot captured (live)
2026-04-24T11:05:32-06:00 | SMART MONEY - GOOD MONEY Market Runtime | PEPPERSTONE:XAUUSD snapshot captured (live)
2026-04-24T11:06:14-06:00 | SMART MONEY - GOOD MONEY Market Runtime | FOREXCOM:US30 snapshot captured (live)
2026-04-24T11:06:46-06:00 | SMART MONEY - GOOD MONEY Market Runtime | PEPPERSTONE:XAUUSD snapshot captured (live)
2026-04-24T11:07:37-06:00 | SMART MONEY - GOOD MONEY Market Runtime | FOREXCOM:US30 snapshot captured (live)
2026-04-24T11:08:08-06:00 | SMART MONEY - GOOD MONEY Market Runtime | PEPPERSTONE:XAUUSD snapshot captured (live)
2026-04-24T11:08:57-06:00 | SMART MONEY - GOOD MONEY Market Runtime | FOREXCOM:US30 snapshot captured (live)
2026-04-24T11:09:19-06:00 | SMART MONEY - GOOD MONEY Market Runtime | PEPPERSTONE:XAUUSD snapshot captured (live)
2026-04-24T11:10:02-06:00 | SMART MONEY - GOOD MONEY Market Runtime | FOREXCOM:US30 snapshot captured (live)
2026-04-24T11:10:26-06:00 | SMART MONEY - GOOD MONEY Market Runtime | PEPPERSTONE:XAUUSD snapshot captured (live)
2026-04-24T11:11:10-06:00 | SMART MONEY - GOOD MONEY Market Runtime | FOREXCOM:US30 snapshot captured (live)
2026-04-24T11:11:32-06:00 | SMART MONEY - GOOD MONEY Market Runtime | PEPPERSTONE:XAUUSD snapshot captured (live)
2026-04-24T11:12:19-06:00 | SMART MONEY - GOOD MONEY Market Runtime | FOREXCOM:US30 snapshot captured (live)
2026-04-24T11:12:43-06:00 | SMART MONEY - GOOD MONEY Market Runtime | PEPPERSTONE:XAUUSD snapshot captured (live)
2026-04-24T11:13:40-06:00 | SMART MONEY - GOOD MONEY Market Runtime | FOREXCOM:US30 snapshot captured (live)
2026-04-24T11:14:15-06:00 | SMART MONEY - GOOD MONEY Market Runtime | PEPPERSTONE:XAUUSD snapshot captured (live)
2026-04-24T11:15:02-06:00 | SMART MONEY - GOOD MONEY Market Runtime | FOREXCOM:US30 snapshot captured (live)
2026-04-24T11:15:34-06:00 | SMART MONEY - GOOD MONEY Market Runtime | PEPPERSTONE:XAUUSD snapshot captured (live)
2026-04-24T11:16:20-06:00 | SMART MONEY - GOOD MONEY Market Runtime | FOREXCOM:US30 snapshot captured (live)
2026-04-24T11:16:42-06:00 | SMART MONEY - GOOD MONEY Market Runtime | PEPPERSTONE:XAUUSD snapshot captured (live)
2026-04-24T11:17:28-06:00 | SMART MONEY - GOOD MONEY Market Runtime | FOREXCOM:US30 snapshot captured (live)
2026-04-24T11:17:50-06:00 | SMART MONEY - GOOD MONEY Market Runtime | PEPPERSTONE:XAUUSD snapshot captured (live)
2026-04-24T11:18:12-06:00 | SMART MONEY - GOOD MONEY Market Runtime | PEPPERSTONE:XAUUSD snapshot captured (live)
2026-04-24T11:19:01-06:00 | SMART MONEY - GOOD MONEY Market Runtime | FOREXCOM:US30 snapshot captured (live)
2026-04-24T11:19:50-06:00 | SMART MONEY - GOOD MONEY Market Runtime | FOREXCOM:US30 snapshot captured (live)
2026-04-24T11:20:20-06:00 | SMART MONEY - GOOD MONEY Market Runtime | PEPPERSTONE:XAUUSD snapshot captured (live)
2026-04-24T11:21:06-06:00 | SMART MONEY - GOOD MONEY Market Runtime | FOREXCOM:US30 snapshot captured (live)
2026-04-24T11:21:39-06:00 | SMART MONEY - GOOD MONEY Market Runtime | PEPPERSTONE:XAUUSD snapshot captured (live)
2026-04-24T11:22:25-06:00 | SMART MONEY - GOOD MONEY Market Runtime | FOREXCOM:US30 snapshot captured (live)
2026-04-24T11:22:47-06:00 | SMART MONEY - GOOD MONEY Market Runtime | PEPPERSTONE:XAUUSD snapshot captured (live)
2026-04-24T11:23:29-06:00 | SMART MONEY - GOOD MONEY Market Runtime | FOREXCOM:US30 snapshot captured (live)
2026-04-24T11:23:50-06:00 | SMART MONEY - GOOD MONEY Market Runtime | PEPPERSTONE:XAUUSD snapshot captured (live)
2026-04-24T11:24:32-06:00 | SMART MONEY - GOOD MONEY Market Runtime | FOREXCOM:US30 snapshot captured (live)
2026-04-24T11:24:53-06:00 | SMART MONEY - GOOD MONEY Market Runtime | PEPPERSTONE:XAUUSD snapshot captured (live)
2026-04-24T11:25:45-06:00 | SMART MONEY - GOOD MONEY Market Runtime | FOREXCOM:US30 snapshot captured (live)
2026-04-24T11:26:06-06:00 | SMART MONEY - GOOD MONEY Market Runtime | PEPPERSTONE:XAUUSD snapshot captured (live)
2026-04-24T11:26:52-06:00 | SMART MONEY - GOOD MONEY Market Runtime | FOREXCOM:US30 snapshot captured (live)
2026-04-24T11:27:24-06:00 | SMART MONEY - GOOD MONEY Market Runtime | PEPPERSTONE:XAUUSD snapshot captured (live)
2026-04-24T11:28:06-06:00 | SMART MONEY - GOOD MONEY Market Runtime | FOREXCOM:US30 snapshot captured (live)
2026-04-24T11:28:37-06:00 | SMART MONEY - GOOD MONEY Market Runtime | PEPPERSTONE:XAUUSD snapshot captured (live)
2026-04-24T11:29:20-06:00 | SMART MONEY - GOOD MONEY Market Runtime | FOREXCOM:US30 snapshot captured (live)
2026-04-24T11:29:39-06:00 | SMART MONEY - GOOD MONEY Market Runtime | PEPPERSTONE:XAUUSD snapshot captured (live)
2026-04-24T11:30:21-06:00 | SMART MONEY - GOOD MONEY Market Runtime | FOREXCOM:US30 snapshot captured (live)
2026-04-24T11:30:43-06:00 | SMART MONEY - GOOD MONEY Market Runtime | PEPPERSTONE:XAUUSD snapshot captured (live)
2026-04-24T11:31:38-06:00 | SMART MONEY - GOOD MONEY Market Runtime | FOREXCOM:US30 snapshot captured (live)
2026-04-24T11:32:01-06:00 | SMART MONEY - GOOD MONEY Market Runtime | PEPPERSTONE:XAUUSD snapshot captured (live)
2026-04-24T11:32:51-06:00 | SMART MONEY - GOOD MONEY Market Runtime | FOREXCOM:US30 snapshot captured (live)
2026-04-24T11:33:15-06:00 | SMART MONEY - GOOD MONEY Market Runtime | PEPPERSTONE:XAUUSD snapshot captured (live)
2026-04-24T11:33:58-06:00 | SMART MONEY - GOOD MONEY Market Runtime | FOREXCOM:US30 snapshot captured (live)
2026-04-24T11:34:31-06:00 | SMART MONEY - GOOD MONEY Market Runtime | PEPPERSTONE:XAUUSD snapshot captured (live)
2026-04-24T11:35:16-06:00 | SMART MONEY - GOOD MONEY Market Runtime | FOREXCOM:US30 snapshot captured (live)
